Code,Name,Formulation,Alternative code,Alternative name,Alternative formulation,Really equivalent?
0101010I0AAABAB,Mag Ox_Cap 100mg,Cap,0101010I0AAAEAE,Mag Ox_Tab 100mg,Tab,Y
0101010I0AAACAC,Mag Ox_Cap 160mg,Cap,0101010I0AAALAL,Mag Ox_Tab 160mg,Tab,Y
0101010I0AAAEAE,Mag Ox_Tab 100mg,Tab,0101010I0AAABAB,Mag Ox_Cap 100mg,Cap,Y
0101010I0AAAHAH,Mag Ox_Cap 400mg,Cap,0101010I0AABIBI,Mag Ox_Tab 400mg,Tab,Y
0101010I0AAALAL,Mag Ox_Tab 160mg,Tab,0101010I0AAACAC,Mag Ox_Cap 160mg,Cap,Y
0101010I0AAAXAX,Mag Ox_Tab 500mg,Tab,0101010I0AAAYAY,Mag Ox_Cap 500mg,Cap,Y
0101010I0AAAYAY,Mag Ox_Cap 500mg,Cap,0101010I0AAAXAX,Mag Ox_Tab 500mg,Tab,Y
0101010I0AABIBI,Mag Ox_Tab 400mg,Tab,0101010I0AAAHAH,Mag Ox_Cap 400mg,Cap,Y
0101010R0AAAEAE,Simeticone_Tab Chble 125mg,Tab Chble,0101010R0AAAHAH,Simeticone_Cap 125mg,Cap,N
0101010R0AAAHAH,Simeticone_Cap 125mg,Cap,0101010R0AAAEAE,Simeticone_Tab Chble 125mg,Tab Chble,N
0101012B0AAAUAU,Sod Bicarb_Liq Spec 420mg/5ml,Liq Spec,0101012B0AAAUAU,Sod Bicarb_Oral Soln 420mg/5ml,Oral Soln,Y
0101012B0AAABAB,Sod Bicarb_Liq Spec 420mg/5ml,Liq Spec,0101012B0AAAUAU,Sod Bicarb_Oral Soln 420mg/5ml,Oral Soln,Y
0101012B0AAAUAU,Sod Bicarb_Oral Soln 420mg/5ml,Oral Soln,0101012B0AAAUAU,Sod Bicarb_Liq Spec 420mg/5ml,Liq Spec,Y
0101012B0AAAUAU,Sod Bicarb_Oral Soln 420mg/5ml,Oral Soln,0101012B0AAABAB,Sod Bicarb_Liq Spec 420mg/5ml,Liq Spec,Y
0101021C0AAAFAF,Calc Carb_Tab Chble 500mg,Tab Chble,0101021C0AAAPAP,Calc Carb_Cap 500mg,Cap,N
0101021C0AAATAT,Calc Carb_Tab 300mg,Tab,0101021C0AAANAN,Calc Carb_Cap 300mg,Cap,
0102000L0AAADAD,Glycopyrronium Brom_Oral Soln 1mg/5ml,Oral Soln,0102000L0AAADAD,Glycopyrronium Brom_Liq Spec 1mg/5ml,Liq Spec,
0102000L0AABBBB,Glycopyrronium Brom_Oral Soln 2.5mg/5ml,Oral Soln,0102000L0AABCBC,Glycopyrronium Brom_Oral Susp 2.5mg/5ml,Oral Susp,Y
0102000L0AABCBC,Glycopyrronium Brom_Oral Susp 2.5mg/5ml,Oral Susp,0102000L0AABBBB,Glycopyrronium Brom_Oral Soln 2.5mg/5ml,Oral Soln,Y
0102000P0AAABAB,Mebeverine HCl_Tab 135mg,Tab,0102000P0AAAEAE,Mebeverine HCl_Oral Pdr Sach 135mg,Oral Pdr Sach,N
0102000P0AAAEAE,Mebeverine HCl_Oral Pdr Sach 135mg,Oral Pdr Sach,0102000P0AAABAB,Mebeverine HCl_Tab 135mg,Tab,N
0103010D0AAALAL,Cimetidine_Oral Soln 200mg/5ml S/F,Oral Soln,0103010D0AAAGAG,Cimetidine_Oral Susp 200mg/5ml S/F,Oral Susp,
0103010T0AAACAC,Ranitidine HCl_Tab 300mg,Tab,0103010T0AAAJAJ,Ranitidine HCl_Tab Eff 300mg,Tab Eff,N
0103010T0AAAJAJ,Ranitidine HCl_Tab Eff 300mg,Tab Eff,0103010T0AAACAC,Ranitidine HCl_Tab 300mg,Tab,N
0103010T0AAAPAP,Ranitidine HCl_Tab 75mg,Tab,0103010T0AABKBK,Ranitidine HCl_Tab Eff 75mg,Tab Eff,
0103050E0AAAAAA,Esomeprazole_Tab E/C 20mg,Tab E/C,0103050E0AAAFAF,Esomeprazole_Cap E/C 20mg,Cap E/C,Y
0103050E0AAABAB,Esomeprazole_Tab E/C 40mg,Tab E/C,0103050E0AAAGAG,Esomeprazole_Cap E/C 40mg,Cap E/C,Y
0103050E0AAAFAF,Esomeprazole_Cap E/C 20mg,Cap E/C,0103050E0AAAAAA,Esomeprazole_Tab E/C 20mg,Tab E/C,Y
0103050E0AAAGAG,Esomeprazole_Cap E/C 40mg,Cap E/C,0103050E0AAABAB,Esomeprazole_Tab E/C 40mg,Tab E/C,Y
0103050L0AAAHAH,Lansoprazole_Orodisper Tab 30mg,Orodisper Tab,0103050L0AAADAD,Lansoprazole_Gran Sach 30mg,Gran Sach,
0103050L0AAAJAJ,Lansoprazole_Oral Soln 30mg/5ml,Oral Soln,0103050L0AAAYAY,Lansoprazole_Oral Susp 30mg/5ml,Oral Susp,Y
0103050L0AAAMAM,Lansoprazole_Oral Soln 15mg/5ml,Oral Soln,0103050L0AAAXAX,Lansoprazole_Oral Susp 15mg/5ml,Oral Susp,Y
0103050L0AAAQAQ,Lansoprazole_Oral Soln 5mg/5ml,Oral Soln,0103050L0AAAZAZ,Lansoprazole_Oral Susp 5mg/5ml,Oral Susp,Y
0103050L0AAAXAX,Lansoprazole_Oral Susp 15mg/5ml,Oral Susp,0103050L0AAAMAM,Lansoprazole_Oral Soln 15mg/5ml,Oral Soln,Y
0103050L0AAAYAY,Lansoprazole_Oral Susp 30mg/5ml,Oral Susp,0103050L0AAAJAJ,Lansoprazole_Oral Soln 30mg/5ml,Oral Soln,Y
0103050L0AAAZAZ,Lansoprazole_Oral Susp 5mg/5ml,Oral Susp,0103050L0AAAQAQ,Lansoprazole_Oral Soln 5mg/5ml,Oral Soln,Y
0103050P0AAAAAA,Omeprazole_Cap E/C 20mg,Cap E/C,0103050P0AABDBD,Omeprazole_Tab E/C 20mg,Tab E/C,Y
0103050P0AAAEAE,Omeprazole_Cap E/C 40mg,Cap E/C,0103050P0AABEBE,Omeprazole_Tab E/C 40mg,Tab E/C,Y
0103050P0AAAJAJ,Omeprazole_Oral Soln 10mg/5ml,Oral Soln,0103050P0AABLBL,Omeprazole_Oral Susp 10mg/5ml,Oral Susp,Y
0103050P0AAAKAK,Omeprazole_Oral Soln 40mg/5ml,Oral Soln,0103050P0AABPBP,Omeprazole_Oral Susp 40mg/5ml,Oral Susp,Y
0103050P0AAAQAQ,Omeprazole_Oral Soln 20mg/5ml,Oral Soln,0103050P0AABMBM,Omeprazole_Oral Susp 20mg/5ml,Oral Susp,Y
0103050P0AABDBD,Omeprazole_Tab E/C 20mg,Tab E/C,0103050P0AAAAAA,Omeprazole_Cap E/C 20mg,Cap E/C,Y
0103050P0AABEBE,Omeprazole_Tab E/C 40mg,Tab E/C,0103050P0AAAEAE,Omeprazole_Cap E/C 40mg,Cap E/C,Y
0103050P0AABLBL,Omeprazole_Oral Susp 10mg/5ml,Oral Susp,0103050P0AAAJAJ,Omeprazole_Oral Soln 10mg/5ml,Oral Soln,Y
0103050P0AABMBM,Omeprazole_Oral Susp 20mg/5ml,Oral Susp,0103050P0AAAQAQ,Omeprazole_Oral Soln 20mg/5ml,Oral Soln,Y
0103050P0AABPBP,Omeprazole_Oral Susp 40mg/5ml,Oral Susp,0103050P0AAAKAK,Omeprazole_Oral Soln 40mg/5ml,Oral Soln,Y
0104020L0AAAAAA,Loperamide HCl_Cap 2mg,Cap,0104020L0AAADAD,Loperamide HCl_Tab 2mg,Tab,Y
0104020L0AAADAD,Loperamide HCl_Tab 2mg,Tab,0104020L0AAAAAA,Loperamide HCl_Cap 2mg,Cap,Y
0104020L0AAAPAP,Loperamide HCl_Oral Susp 25mg/5ml,Oral Susp,0104020L0AAAQAQ,Loperamide HCl_Oral Soln 25mg/5ml,Oral Soln,Y
0104020L0AAAQAQ,Loperamide HCl_Oral Soln 25mg/5ml,Oral Soln,0104020L0AAAPAP,Loperamide HCl_Oral Susp 25mg/5ml,Oral Susp,Y
0105010B0AAABAB,Mesalazine_Suppos 500mg,Suppos,0105010B0AAAWAW,Mesalazine_Tab G/R 500mg,Tab G/R,N
0105010B0AAAGAG,Mesalazine_Suppos 250mg,Suppos,0105010B0AAAHAH,Mesalazine_Tab E/C 250mg,Tab E/C,Y
0105010B0AAAHAH,Mesalazine_Tab E/C 250mg,Tab E/C,0105010B0AAAGAG,Mesalazine_Suppos 250mg,Suppos,N
0105010B0AAAIAI,Mesalazine_Tab 500mg M/R,Tab,0105010B0AAAPAP,Mesalazine_Gran Sach 500mg M/R,Gran Sach,N
0105010B0AAANAN,Mesalazine_Gran Sach 1g M/R S/F,Gran Sach,0105010B0AAAXAX,Mesalazine_Gran Sach G/R 1g M/R S/F,Gran Sach G/R,Y
0105010B0AAAPAP,Mesalazine_Gran Sach 500mg M/R,Gran Sach,0105010B0AAAIAI,Mesalazine_Tab 500mg M/R,Tab,Y
0105010B0AAAWAW,Mesalazine_Tab G/R 500mg,Tab G/R,0105010B0AAABAB,Mesalazine_Suppos 500mg,Suppos,N
0105010B0AAAXAX,Mesalazine_Gran Sach G/R 1g M/R S/F,Gran Sach G/R,0105010B0AAANAN,Mesalazine_Gran Sach 1g M/R S/F,Gran Sach,Y
0105010E0AAAAAA,Sulfasalazine_Tab 500mg,Tab,0105010E0AAACAC,Sulfasalazine_Suppos 500mg,Suppos,N
0105010E0AAABAB,Sulfasalazine_Tab E/C 500mg,Tab E/C,0105010E0AAACAC,Sulfasalazine_Suppos 500mg,Suppos,Y
0105010E0AAACAC,Sulfasalazine_Suppos 500mg,Suppos,0105010E0AAAAAA,Sulfasalazine_Tab 500mg,Tab,N
0106010E0AAAHAH,Ispag Husk_Gran Eff Sach 3.5g Orange S/F,Gran Eff Sach,0106010E0AAASAS,Ispag Husk_Pdr Sach 3.5g Orange S/F,Pdr Sach,
0106010E0AAADAD,Ispag Husk_Gran Eff Sach 3.5g Orange S/F,Gran Eff Sach,0106010E0AAASAS,Ispag Husk_Pdr Sach 3.5g Orange S/F,Pdr Sach,
0106020C0AAAAAA,Bisacodyl_Tab E/C 5mg,Tab E/C,0106020C0AAADAD,Bisacodyl_Suppos 5mg,Suppos,N
0106020C0AAADAD,Bisacodyl_Suppos 5mg,Suppos,0106020C0AAAAAA,Bisacodyl_Tab E/C 5mg,Tab E/C,N
0106020M0AAAPAP,Senna_Tab 15mg,Tab,0106020M0AAAQAQ,Senna_Tab Chble 15mg,Tab Chble,N
0107010AAAAAJAJ,Diltiazem HCl_Crm 2%,Crm,0107010AAAAABAB,Diltiazem HCl_Gel 2%,Gel,
0107010AAAAAKAK,Diltiazem HCl_Oint 2%,Oint,0107010AAAAAJAJ,Diltiazem HCl_Crm 2%,Crm,Y
0109040N0AAAZAZ,Pancreatin_G/R Cap 340mg,G/R Cap,0109040N0AAAGAG,Pancreatin_Cap 340mg,Cap,
0202010D0AAAUAU,Chloroth_Oral Susp 250mg/5ml,Oral Susp,0202010D0AABCBC,Chloroth_Oral Soln 250mg/5ml,Oral Soln,Y
0202010D0AABCBC,Chloroth_Oral Soln 250mg/5ml,Oral Soln,0202010D0AAAUAU,Chloroth_Oral Susp 250mg/5ml,Oral Susp,Y
0202030S0AACMCM,Spironol_Oral Soln 5mg/5ml,Oral Soln,0202030S0AAECEC,Spironol_Oral Susp 5mg/5ml,Oral Susp,Y
0202030S0AAEFEF,Spironol_Oral Soln 25mg/5ml,Oral Soln,0202030S0AAEAEA,Spironol_Oral Susp 25mg/5ml,Oral Susp,Y
0202030S0AACPCP,Spironol_Oral Soln 50mg/5ml,Oral Soln,0202030S0AAEBEB,Spironol_Oral Susp 50mg/5ml,Oral Susp,Y
0202030S0AACQCQ,Spironol_Oral Soln 10mg/5ml,Oral Soln,0202030S0AAEDED,Spironol_Oral Susp 10mg/5ml,Oral Susp,Y
0202030S0AACRCR,Spironol_Liq Spec 100mg/5ml,Liq Spec,0202030S0AAEEEE,Spironol_Oral Susp 100mg/5ml,Oral Susp,Y
0202030S0AAEAEA,Spironol_Oral Susp 25mg/5ml,Oral Susp,0202030S0AAEFEF,Spironol_Oral Soln 25mg/5ml,Oral Soln,Y
0202030S0AAEBEB,Spironol_Oral Susp 50mg/5ml,Oral Susp,0202030S0AACPCP,Spironol_Oral Soln 50mg/5ml,Oral Soln,Y
0202030S0AAECEC,Spironol_Oral Susp 5mg/5ml,Oral Susp,0202030S0AACMCM,Spironol_Oral Soln 5mg/5ml,Oral Soln,Y
0202030S0AAEDED,Spironol_Oral Susp 10mg/5ml,Oral Susp,0202030S0AACQCQ,Spironol_Oral Soln 10mg/5ml,Oral Soln,Y
0202030S0AAEEEE,Spironol_Oral Susp 100mg/5ml,Oral Susp,0202030S0AACRCR,Spironol_Liq Spec 100mg/5ml,Liq Spec,Y
0203020D0AAAUAU,Amiodarone HCl_Oral Soln 100mg/5ml,Oral Soln,0203020D0AACHCH,Amiodarone HCl_Oral Susp 100mg/5ml,Oral Susp,Y
0203020D0AACHCH,Amiodarone HCl_Oral Soln 100mg/5ml,Oral Soln,0203020D0AACHCH,Amiodarone HCl_Oral Susp 100mg/5ml,Oral Susp,Y
0203020D0AAAYAY,Amiodarone HCl_Oral Soln 50mg/5ml,Oral Soln,0203020D0AACICI,Amiodarone HCl_Oral Susp 50mg/5ml,Oral Susp,Y
0203020D0AACICI,Amiodarone HCl_Oral Soln 50mg/5ml,Oral Soln,0203020D0AACICI,Amiodarone HCl_Oral Susp 50mg/5ml,Oral Susp,Y
0203020D0AACHCH,Amiodarone HCl_Oral Susp 100mg/5ml,Oral Susp,0203020D0AAAUAU,Amiodarone HCl_Oral Soln 100mg/5ml,Oral Soln,Y
0203020D0AACHCH,Amiodarone HCl_Oral Susp 100mg/5ml,Oral Susp,0203020D0AACHCH,Amiodarone HCl_Oral Soln 100mg/5ml,Oral Soln,Y
0203020D0AACICI,Amiodarone HCl_Oral Susp 50mg/5ml,Oral Susp,0203020D0AAAYAY,Amiodarone HCl_Oral Soln 50mg/5ml,Oral Soln,Y
0203020D0AACICI,Amiodarone HCl_Oral Susp 50mg/5ml,Oral Susp,0203020D0AACICI,Amiodarone HCl_Oral Soln 50mg/5ml,Oral Soln,Y
0203020P0AAABAB,Mexiletine HCl_Cap 200mg,Cap,0203020P0AAAGAG,Mexiletine HCl_Tab 200mg,Tab,Y
0203020P0AAAGAG,Mexiletine HCl_Tab 200mg,Tab,0203020P0AAABAB,Mexiletine HCl_Cap 200mg,Cap,Y
0204000K0AABMBM,Metoprolol Tart_Oral Soln 50mg/5ml,Oral Soln,0204000K0AAATAT,Metoprolol Tart_Liq Spec 50mg/5ml,Liq Spec,
0204000K0AABMBM,Metoprolol Tart_Oral Soln 50mg/5ml,Oral Soln,0204000K0AABMBM,Metoprolol Tart_Liq Spec 50mg/5ml,Liq Spec,
0204000T0AAATAT,Sotalol HCl_Oral Soln 25mg/5ml,Oral Soln,0204000T0AABCBC,Sotalol HCl_Oral Susp 25mg/5ml,Oral Susp,Y
0204000T0AABCBC,Sotalol HCl_Oral Soln 25mg/5ml,Oral Soln,0204000T0AABCBC,Sotalol HCl_Oral Susp 25mg/5ml,Oral Susp,Y
0204000T0AABCBC,Sotalol HCl_Oral Susp 25mg/5ml,Oral Susp,0204000T0AAATAT,Sotalol HCl_Oral Soln 25mg/5ml,Oral Soln,Y
0204000T0AABCBC,Sotalol HCl_Oral Susp 25mg/5ml,Oral Susp,0204000T0AABCBC,Sotalol HCl_Oral Soln 25mg/5ml,Oral Soln,Y
0205040D0AAACAC,Doxazosin Mesil_Tab 4mg,Tab,0205040D0AAAFAF,Doxazosin Mesil_Cap 4mg,Cap,Y
0205051F0AAAFAF,Captopril_Tab 50mg,Tab,0205051F0AADUDU,Captopril_Cap 50mg,Cap,Y
0205051R0AAAAAA,Ramipril_Cap 1.25mg,Cap,0205051R0AAAKAK,Ramipril_Tab 1.25mg,Tab,Y
0205051R0AAABAB,Ramipril_Cap 2.5mg,Cap,0205051R0AAALAL,Ramipril_Tab 2.5mg,Tab,Y
0205051R0AAACAC,Ramipril_Cap 5mg,Cap,0205051R0AAAMAM,Ramipril_Tab 5mg,Tab,Y
0205051R0AAADAD,Ramipril_Cap 10mg,Cap,0205051R0AAANAN,Ramipril_Tab 10mg,Tab,Y
0205051R0AAAEAE,Ramipril_Liq Spec 5mg/5ml,Liq Spec,0205051R0AAAEAE,Ramipril_Oral Soln 5mg/5ml,Oral Soln,
0205051R0AAAKAK,Ramipril_Tab 1.25mg,Tab,0205051R0AAAAAA,Ramipril_Cap 1.25mg,Cap,Y
0205051R0AAALAL,Ramipril_Tab 2.5mg,Tab,0205051R0AAABAB,Ramipril_Cap 2.5mg,Cap,Y
0205051R0AAAMAM,Ramipril_Tab 5mg,Tab,0205051R0AAACAC,Ramipril_Cap 5mg,Cap,Y
0205051R0AAANAN,Ramipril_Tab 10mg,Tab,0205051R0AAADAD,Ramipril_Cap 10mg,Cap,Y
0205051R0AAAUAU,Ramipril_Titration Pack (Tab 2.5/5/10mg),Titration Pack (Tab,0205051R0AAAIAI,Ramipril_Titration Pack (Cap 2.5/5/10mg),Titration Pack (Cap,
0205052N0AAAEAE,Losartan Pot_Oral Soln 50mg/5ml,Oral Soln,0205052N0AAAJAJ,Losartan Pot_Oral Susp 50mg/5ml,Oral Susp,Y
0205052N0AAAJAJ,Losartan Pot_Oral Soln 50mg/5ml,Oral Soln,0205052N0AAAJAJ,Losartan Pot_Oral Susp 50mg/5ml,Oral Susp,Y
0205052N0AAAJAJ,Losartan Pot_Oral Susp 50mg/5ml,Oral Susp,0205052N0AAAEAE,Losartan Pot_Oral Soln 50mg/5ml,Oral Soln,Y
0205052N0AAAJAJ,Losartan Pot_Oral Susp 50mg/5ml,Oral Susp,0205052N0AAAJAJ,Losartan Pot_Oral Soln 50mg/5ml,Oral Soln,Y
0205052V0AAAAAA,Valsartan_Cap 40mg,Cap,0205052V0AAADAD,Valsartan_Tab 40mg,Tab,Y
0205052V0AAABAB,Valsartan_Cap 80mg,Cap,0205052V0AAAIAI,Valsartan_Tab 80mg,Tab,Y
0205052V0AAACAC,Valsartan_Cap 160mg,Cap,0205052V0AAAHAH,Valsartan_Tab 160mg,Tab,Y
0205052V0AAADAD,Valsartan_Tab 40mg,Tab,0205052V0AAAAAA,Valsartan_Cap 40mg,Cap,Y
0205052V0AAAHAH,Valsartan_Tab 160mg,Tab,0205052V0AAACAC,Valsartan_Cap 160mg,Cap,Y
0205052V0AAAIAI,Valsartan_Tab 80mg,Tab,0205052V0AAABAB,Valsartan_Cap 80mg,Cap,Y
0206010F0AACGCG,Glyceryl Trinit_Sub A/Spy 400mcg (180D),Sub A/Spy,0206010F0AACICI,Glyceryl Trinit_Sub P/Spy 400mcg (180D),Sub P/Spy,Y
0206010F0AACGCG,Glyceryl Trinit_Sub A/Spy 400mcg (200D),Sub A/Spy,0206010F0AACICI,Glyceryl Trinit_Sub P/Spy 400mcg (200D),Sub P/Spy,Y
0206010F0AACICI,Glyceryl Trinit_Sub P/Spy 400mcg (180D),Sub P/Spy,0206010F0AACGCG,Glyceryl Trinit_Sub A/Spy 400mcg (180D),Sub A/Spy,Y
0206010F0AACICI,Glyceryl Trinit_Sub P/Spy 400mcg (200D),Sub P/Spy,0206010F0AACGCG,Glyceryl Trinit_Sub A/Spy 400mcg (200D),Sub A/Spy,Y
0206010I0AAAJAJ,Isosorbide Dinit_Tab 40mg M/R,Tab,0206010I0AAABAB,Isosorbide Dinit_Cap 40mg M/R,Cap,
0206010K0AAAEAE,Isosorbide Mononit_Tab 60mg M/R,Tab,0206010K0AAAQAQ,Isosorbide Mononit_Cap 60mg M/R,Cap,Y
0206010K0AAAFAF,Isosorbide Mononit_Cap 50mg M/R,Cap,0206010K0AAAUAU,Isosorbide Mononit_Tab 50mg M/R,Tab,Y
0206010K0AAAGAG,Isosorbide Mononit_Tab 40mg M/R,Tab,0206010K0AAAPAP,Isosorbide Mononit_Cap 40mg M/R,Cap,Y
0206010K0AAAHAH,Isosorbide Mononit_Cap 25mg M/R,Cap,0206010K0AAATAT,Isosorbide Mononit_Tab 25mg M/R,Tab,Y
0206010K0AAALAL,Isosorbide Mononit_Oral Soln 20mg/5ml,Oral Soln,0206010K0AABBBB,Isosorbide Mononit_Oral Susp 20mg/5ml,Oral Susp,Y
0206010K0AABBBB,Isosorbide Mononit_Oral Soln 20mg/5ml,Oral Soln,0206010K0AABBBB,Isosorbide Mononit_Oral Susp 20mg/5ml,Oral Susp,Y
0206010K0AAAPAP,Isosorbide Mononit_Cap 40mg M/R,Cap,0206010K0AAAGAG,Isosorbide Mononit_Tab 40mg M/R,Tab,Y
0206010K0AAAQAQ,Isosorbide Mononit_Cap 60mg M/R,Cap,0206010K0AAAEAE,Isosorbide Mononit_Tab 60mg M/R,Tab,Y
0206010K0AAATAT,Isosorbide Mononit_Tab 25mg M/R,Tab,0206010K0AAAHAH,Isosorbide Mononit_Cap 25mg M/R,Cap,Y
0206010K0AAAUAU,Isosorbide Mononit_Tab 50mg M/R,Tab,0206010K0AAAFAF,Isosorbide Mononit_Cap 50mg M/R,Cap,Y
0206010K0AABBBB,Isosorbide Mononit_Oral Susp 20mg/5ml,Oral Susp,0206010K0AAALAL,Isosorbide Mononit_Oral Soln 20mg/5ml,Oral Soln,Y
0206010K0AABBBB,Isosorbide Mononit_Oral Susp 20mg/5ml,Oral Susp,0206010K0AABBBB,Isosorbide Mononit_Oral Soln 20mg/5ml,Oral Soln,Y
0206020C0AAAAAA,Diltiazem HCl_Tab 60mg M/R,Tab,0206020C0AAAJAJ,Diltiazem HCl_Cap 60mg M/R,Cap,Y
0206020C0AAACAC,Diltiazem HCl_Tab 90mg M/R,Tab,0206020C0AAATAT,Diltiazem HCl_Cap 90mg M/R,Cap,Y
0206020C0AAAJAJ,Diltiazem HCl_Cap 60mg M/R,Cap,0206020C0AAAAAA,Diltiazem HCl_Tab 60mg M/R,Tab,Y
0206020C0AAARAR,Diltiazem HCl_Oral Soln 60mg/5ml,Oral Soln,0206020C0AABIBI,Diltiazem HCl_Oral Susp 60mg/5ml,Oral Susp,Y
0206020C0AAASAS,Diltiazem HCl_Tab 120mg M/R,Tab,0206020C0AAAUAU,Diltiazem HCl_Cap 120mg M/R,Cap,Y
0206020C0AAATAT,Diltiazem HCl_Cap 90mg M/R,Cap,0206020C0AAACAC,Diltiazem HCl_Tab 90mg M/R,Tab,Y
0206020C0AAAUAU,Diltiazem HCl_Cap 120mg M/R,Cap,0206020C0AAASAS,Diltiazem HCl_Tab 120mg M/R,Tab,Y
0206020C0AABIBI,Diltiazem HCl_Oral Susp 60mg/5ml,Oral Susp,0206020C0AAARAR,Diltiazem HCl_Oral Soln 60mg/5ml,Oral Soln,Y
0206020R0AAAEAE,Nifedipine_Tab 10mg M/R,Tab,0206020R0AAAMAM,Nifedipine_Cap 10mg M/R,Cap,Y
0206020R0AAAHAH,Nifedipine_Cap 20mg M/R,Cap,0206020R0AAARAR,Nifedipine_Tab 20mg M/R,Tab,Y
0206020R0AAAMAM,Nifedipine_Cap 10mg M/R,Cap,0206020R0AAAEAE,Nifedipine_Tab 10mg M/R,Tab,Y
0206020R0AAANAN,Nifedipine_Tab 30mg M/R,Tab,0206020R0AABEBE,Nifedipine_Cap 30mg M/R,Cap,Y
0206020R0AAAPAP,Nifedipine_Tab 60mg M/R,Tab,0206020R0AABFBF,Nifedipine_Cap 60mg M/R,Cap,Y
0206020R0AAARAR,Nifedipine_Tab 20mg M/R,Tab,0206020R0AAAHAH,Nifedipine_Cap 20mg M/R,Cap,Y
0206020R0AABEBE,Nifedipine_Cap 30mg M/R,Cap,0206020R0AAANAN,Nifedipine_Tab 30mg M/R,Tab,Y
0206020R0AABFBF,Nifedipine_Cap 60mg M/R,Cap,0206020R0AAAPAP,Nifedipine_Tab 60mg M/R,Tab,Y
0206020T0AAAHAH,Verapamil HCl_Tab 240mg M/R,Tab,0206020T0AAAKAK,Verapamil HCl_Cap 240mg M/R,Cap,Y
0206020T0AAAIAI,Verapamil HCl_Cap 120mg M/R,Cap,0206020T0AAAUAU,Verapamil HCl_Tab 120mg M/R,Tab,Y
0206020T0AAAKAK,Verapamil HCl_Cap 240mg M/R,Cap,0206020T0AAAHAH,Verapamil HCl_Tab 240mg M/R,Tab,Y
0206020T0AAAUAU,Verapamil HCl_Tab 120mg M/R,Tab,0206020T0AAAIAI,Verapamil HCl_Cap 120mg M/R,Cap,Y
0206030N0AAAAAA,Nicorandil_Tab 10mg,Tab,0206030N0AAAEAE,Nicorandil_Pdr Sach 10mg,Pdr Sach,
0208020V0AAAAAA,Warfarin Sod_Tab 1mg,Tab,0208020V0AABABA,Warfarin Sod_Cap 1mg,Cap,Y
0209000C0AAAAAA,Clopidogrel_Tab 75mg,Tab,0209000C0AAACAC,Clopidogrel_Pdrs 75mg,Pdrs,
0212000B0AAAFAF,Atorvastatin_Oral Soln 20mg/5ml,Oral Soln,0212000B0AAAQAQ,Atorvastatin_Oral Susp 20mg/5ml,Oral Susp,Y
0212000B0AAAQAQ,Atorvastatin_Oral Susp 20mg/5ml,Oral Susp,0212000B0AAAFAF,Atorvastatin_Oral Soln 20mg/5ml,Oral Soln,Y
0212000K0AAAAAA,Colestipol HCl_Gran Sach 0.2% 5g,Gran Sach,0212000K0AAAAAA,Colestipol HCl_Pdr Sach 0.2% 5g,Pdr Sach,Y
0212000K0AAAAAA,Colestipol HCl_Pdr Sach 0.2% 5g,Pdr Sach,0212000K0AAAAAA,Colestipol HCl_Gran Sach 0.2% 5g,Gran Sach,Y
0301011R0AAAPAP,Salbutamol_Inha 100mcg (200 D) CFF,Inha,0301011R0AABUBU,Salbutamol_Inha B/A 100mcg (200 D) CFF,Inha B/A,N
0301011R0AABMBM,Salbutamol_Cap 4mg M/R,Cap,0301011R0AABEBE,Salbutamol_Tab 4mg M/R,Tab,
0301011R0AABPBP,Salbutamol_Cap 8mg M/R,Cap,0301011R0AABFBF,Salbutamol_Tab 8mg M/R,Tab,
0301011R0AABUBU,Salbutamol_Inha B/A 100mcg (200 D) CFF,Inha B/A,0301011R0AAAPAP,Salbutamol_Inha 100mcg (200 D) CFF,Inha,N
0301011R0AABZBZ,Salbutamol_Pdr For Inh 100mcg (200 D),Pdr For Inh,0301011R0AAAAAA,Salbutamol_Inha 100mcg (200 D),Inha,
0301030S0AAADAD,Theophylline_Cap 250mg M/R,Cap,0301030S0AAANAN,Theophylline_Tab 250mg M/R,Tab,N
0301030S0AAANAN,Theophylline_Tab 250mg M/R,Tab,0301030S0AAADAD,Theophylline_Cap 250mg M/R,Cap,N
0302000K0AAADAD,Budesonide_Inha 200mcg (200 D),Inha,0302000K0AAAGAG,Budesonide_Pdr For Inh 200mcg (200 D),Pdr For Inh,
0302000K0AAAGAG,Budesonide_Pdr For Inh 200mcg (100 D),Pdr For Inh,0302000K0AAADAD,Budesonide_Inha 200mcg (100 D),Inha,
0303020G0AAACAC,Montelukast_Tab Chble 4mg S/F,Tab Chble,0303020G0AAADAD,Montelukast_Gran Sach 4mg S/F,Gran Sach,N
0303020G0AAADAD,Montelukast_Gran Sach 4mg S/F,Gran Sach,0303020G0AAACAC,Montelukast_Tab Chble 4mg S/F,Tab Chble,N
0304010I0AAAAAA,Cetirizine HCl_Tab 10mg,Tab,0304010I0AAADAD,Cetirizine HCl_Cap 10mg,Cap,Y
0304010I0AAADAD,Cetirizine HCl_Cap 10mg,Cap,0304010I0AAAAAA,Cetirizine HCl_Tab 10mg,Tab,Y
0304010J0AAAEAE,Hydroxyzine HCl_Oral Soln 10mg/5ml,Oral Soln,0304010J0AAAEAE,Hydroxyzine HCl_Liq Spec 10mg/5ml,Liq Spec,
0307000C0AAAJAJ,Acetylcy_Tab Eff 600mg,Tab Eff,0307000C0AAAKAK,Acetylcy_Cap 600mg,Cap,N
0307000C0AAAKAK,Acetylcy_Cap 600mg,Cap,0307000C0AAAMAM,Acetylcy_Tab 600mg,Tab,Y
0307000C0AAAMAM,Acetylcy_Tab 600mg,Tab,0307000C0AAAKAK,Acetylcy_Cap 600mg,Cap,Y
0401010ADAAAAAA,Melatonin_Tab 2mg M/R,Tab,0401010ADAACHCH,Melatonin_Cap 2mg M/R,Cap,Y
0401010ADAAAEAE,Melatonin_Cap 2mg,Cap,0401010ADAABKBK,Melatonin_Tab 2mg,Tab,Y
0401010ADAAAIAI,Melatonin_Tab 1mg,Tab,0401010ADAABQBQ,Melatonin_Cap 1mg,Cap,Y
0401010ADAAAJAJ,Melatonin_Cap 3mg M/R,Cap,0401010ADAAAQAQ,Melatonin_Tab 3mg M/R,Tab,Y
0401010ADAAAJAJ,Melatonin_Cap 3mg M/R,Cap,091200000AAFTFT,Melatonin_Tab 3mg M/R,Tab,Y
0401010ADAAAQAQ,Melatonin_Tab 3mg M/R,Tab,0401010ADAAAJAJ,Melatonin_Cap 3mg M/R,Cap,Y
091200000AAFTFT,Melatonin_Tab 3mg M/R,Tab,0401010ADAAAJAJ,Melatonin_Cap 3mg M/R,Cap,Y
0401010ADAABKBK,Melatonin_Tab 2mg,Tab,0401010ADAAAEAE,Melatonin_Cap 2mg,Cap,Y
0401010ADAABLBL,Melatonin_Tab 5mg,Tab,0401010ADAABSBS,Melatonin_Cap 5mg,Cap,Y
0401010ADAACYCY,Melatonin_Tab 3mg,Tab,0401010ADAABRBR,Melatonin_Cap 3mg,Cap,Y
0401010ADAABQBQ,Melatonin_Cap 1mg,Cap,0401010ADAAAIAI,Melatonin_Tab 1mg,Tab,Y
0401010ADAABSBS,Melatonin_Cap 5mg,Cap,0401010ADAABLBL,Melatonin_Tab 5mg,Tab,Y
0401010ADAACHCH,Melatonin_Cap 2mg M/R,Cap,0401010ADAAAAAA,Melatonin_Tab 2mg M/R,Tab,Y
0401020E0AAAAAA,Chlordiazepox HCl_Tab 5mg,Tab,0401020E0AAADAD,Chlordiazepox HCl_Cap 5mg,Cap,Y
0401020E0AAABAB,Chlordiazepox HCl_Tab 10mg,Tab,0401020E0AAAEAE,Chlordiazepox HCl_Cap 10mg,Cap,Y
0401020E0AAADAD,Chlordiazepox HCl_Cap 5mg,Cap,0401020E0AAAAAA,Chlordiazepox HCl_Tab 5mg,Tab,Y
0401020E0AAAEAE,Chlordiazepox HCl_Cap 10mg,Cap,0401020E0AAABAB,Chlordiazepox HCl_Tab 10mg,Tab,Y
0401020K0AAACAC,Diazepam_Inj 5mg/ml 2ml Amp,Inj,0401020K0AAAQAQ,Diazepam_Inj (Emulsion) 5mg/ml 2ml Amp,Inj (Emulsion),Y
0401020K0AAAQAQ,Diazepam_Inj (Emulsion) 5mg/ml 2ml Amp,Inj (Emulsion),0401020K0AAACAC,Diazepam_Inj 5mg/ml 2ml Amp,Inj,N
040201060AAAAAA,Olanzapine_Tab 5mg,Tab,040201060AAAWAW,Olanzapine_Orodisper Tab 5mg,Orodisper Tab,Y
040201060AAACAC,Olanzapine_Tab 10mg,Tab,040201060AAAXAX,Olanzapine_Orodisper Tab 10mg,Orodisper Tab,Y
040201060AAAEAE,Olanzapine_Oral Lyophilisate Tab 5mg S/F,Oral Lyophilisate Tab,040201060AAASAS,Olanzapine_Orodisper Tab 5mg S/F,Orodisper Tab,Y
040201060AAAIAI,Olanzapine_Oral Soln 2.5mg/5ml,Oral Soln,040201060AABABA,Olanzapine_Oral Susp 2.5mg/5ml,Oral Susp,Y
040201060AAALAL,Olanzapine_Tab 15mg,Tab,040201060AAAYAY,Olanzapine_Orodisper Tab 15mg,Orodisper Tab,Y
040201060AAAQAQ,Olanzapine_Tab 20mg,Tab,040201060AAAZAZ,Olanzapine_Orodisper Tab 20mg,Orodisper Tab,Y
040201060AAASAS,Olanzapine_Orodisper Tab 5mg S/F,Orodisper Tab,040201060AAAEAE,Olanzapine_Oral Lyophilisate Tab 5mg S/F,Oral Lyophilisate Tab,Y
040201060AAAWAW,Olanzapine_Orodisper Tab 5mg,Orodisper Tab,040201060AAAAAA,Olanzapine_Tab 5mg,Tab,Y
040201060AAAXAX,Olanzapine_Orodisper Tab 10mg,Orodisper Tab,040201060AAACAC,Olanzapine_Tab 10mg,Tab,Y
040201060AAAYAY,Olanzapine_Orodisper Tab 15mg,Orodisper Tab,040201060AAALAL,Olanzapine_Tab 15mg,Tab,Y
040201060AAAZAZ,Olanzapine_Orodisper Tab 20mg,Orodisper Tab,040201060AAAQAQ,Olanzapine_Tab 20mg,Tab,Y
040201060AABABA,Olanzapine_Oral Susp 2.5mg/5ml,Oral Susp,040201060AAAIAI,Olanzapine_Oral Soln 2.5mg/5ml,Oral Soln,Y
0402010ABAAAHAH,Quetiapine_Oral Soln 25mg/5ml,Oral Soln,0402010ABAABDBD,Quetiapine_Oral Susp 25mg/5ml,Oral Susp,Y
0402010ABAAAIAI,Quetiapine_Oral Soln 12.5mg/5ml,Oral Soln,0402010ABAABBBB,Quetiapine_Oral Susp 12.5mg/5ml,Oral Susp,Y
0402010ABAAALAL,Quetiapine_Oral Soln 50mg/5ml,Oral Soln,0402010ABAABEBE,Quetiapine_Oral Susp 50mg/5ml,Oral Susp,Y
0402010ABAABEBE,Quetiapine_Oral Soln 50mg/5ml,Oral Soln,0402010ABAABEBE,Quetiapine_Oral Susp 50mg/5ml,Oral Susp,Y
0402010ABAABBBB,Quetiapine_Oral Susp 12.5mg/5ml,Oral Susp,0402010ABAAAIAI,Quetiapine_Oral Soln 12.5mg/5ml,Oral Soln,Y
0402010ABAABDBD,Quetiapine_Oral Susp 25mg/5ml,Oral Susp,0402010ABAAAHAH,Quetiapine_Oral Soln 25mg/5ml,Oral Soln,Y
0402010ABAABEBE,Quetiapine_Oral Susp 50mg/5ml,Oral Susp,0402010ABAAALAL,Quetiapine_Oral Soln 50mg/5ml,Oral Soln,Y
0402010ABAABEBE,Quetiapine_Oral Susp 50mg/5ml,Oral Susp,0402010ABAABEBE,Quetiapine_Oral Soln 50mg/5ml,Oral Soln,Y
0402010D0AAA2A2,Chlorpromazine HCl_Liq Spec 100mg/5ml,Liq Spec,0402010D0AAAFAF,Chlorpromazine HCl_Oral Soln 100mg/5ml,Oral Soln,Y
0402010D0AAAFAF,Chlorpromazine HCl_Oral Soln 100mg/5ml,Oral Soln,0402010D0AAA2A2,Chlorpromazine HCl_Liq Spec 100mg/5ml,Liq Spec,Y
0402010D0AAAHAH,Chlorpromazine HCl_Tab 10mg,Tab,0402010D0AABDBD,Chlorpromazine HCl_Cap 10mg,Cap,Y
0402010D0AAAIAI,Chlorpromazine HCl_Tab 25mg,Tab,0402010D0AAASAS,Chlorpromazine HCl_Suppos 25mg,Suppos,
0402010D0AABDBD,Chlorpromazine HCl_Cap 10mg,Cap,0402010D0AAAHAH,Chlorpromazine HCl_Tab 10mg,Tab,Y
0402010J0AAAAAA,Haloperidol_Cap 500mcg,Cap,0402010J0AAAIAI,Haloperidol_Tab 500mcg,Tab,Y
0402010J0AAAIAI,Haloperidol_Tab 500mcg,Tab,0402010J0AAAAAA,Haloperidol_Cap 500mcg,Cap,Y
0402010K0AAARAR,Levomeprom Mal_Oral Susp 2.5mg/5ml,Oral Susp,0402010K0AAALAL,Levomeprom Mal_Oral Soln 2.5mg/5ml,Oral Soln,
0402010S0AAADAD,Promazine HCl_Oral Soln 25mg/5ml,Oral Soln,0402010S0AAALAL,Promazine HCl_Liq Spec 25mg/5ml,Liq Spec,
0402010S0AAAIAI,Promazine HCl_Oral Soln 50mg/5ml,Oral Soln,0402010S0AAANAN,Promazine HCl_Liq Spec 50mg/5ml,Liq Spec,
0402030Q0AAABAB,Valproic Acid_Tab G/R 500mg,Tab G/R,040801020AAACAC,Valproic Acid_Cap E/C 500mg,Cap E/C,Y
0403010J0AAAAAA,Dosulepin HCl_Cap 25mg,Cap,0403010J0AAAAAA,Dosulepin HCl_Tab 25mg,Tab,
0403010J0AABKBK,Dosulepin HCl_Oral Soln 75mg/5ml,Oral Soln,0403010J0AAA7A7,Dosulepin HCl_Liq Spec 75mg/5ml,Liq Spec,Y
0403010V0AAANAN,Nortriptyline_Liq Spec 10mg/5ml,Liq Spec,0403010V0AAAGAG,Nortriptyline_Susp 10mg/5ml,Susp,
0403010V0AAAGAG,Nortriptyline_Liq Spec 10mg/5ml,Liq Spec,0403010V0AAAGAG,Nortriptyline_Susp 10mg/5ml,Susp,
0403040S0AAABAB,Tryptophan_Tab 500mg,Tab,0403040S0AAAIAI,Tryptophan_Cap 500mg,Cap,Y
0403040S0AAAIAI,Tryptophan_Cap 500mg,Cap,0403040S0AAABAB,Tryptophan_Tab 500mg,Tab,Y
0403040W0AAADAD,Venlafaxine_Cap 75mg M/R,Cap,0403040W0AAAJAJ,Venlafaxine_Tab 75mg M/R,Tab,Y
0403040W0AAAEAE,Venlafaxine_Cap 150mg M/R,Cap,0403040W0AAAKAK,Venlafaxine_Tab 150mg M/R,Tab,Y
0403040W0AAAJAJ,Venlafaxine_Tab 75mg M/R,Tab,0403040W0AAADAD,Venlafaxine_Cap 75mg M/R,Cap,Y
0403040W0AAAKAK,Venlafaxine_Tab 150mg M/R,Tab,0403040W0AAAEAE,Venlafaxine_Cap 150mg M/R,Cap,Y
0403040W0AAAMAM,Venlafaxine_Tab 37.5mg M/R,Tab,0403040W0AAASAS,Venlafaxine_Cap 37.5mg M/R,Cap,Y
0403040W0AAASAS,Venlafaxine_Cap 37.5mg M/R,Cap,0403040W0AAAMAM,Venlafaxine_Tab 37.5mg M/R,Tab,Y
0403040X0AAAAAA,Mirtazapine_Tab 30mg,Tab,0403040X0AAAJAJ,Mirtazapine_Orodisper Tab 30mg,Orodisper Tab,Y
0403040X0AAAJAJ,Mirtazapine_Orodisper Tab 30mg,Orodisper Tab,0403040X0AAAAAA,Mirtazapine_Tab 30mg,Tab,Y
0403040X0AAALAL,Mirtazapine_Orodisper Tab 15mg,Orodisper Tab,0403040X0AAANAN,Mirtazapine_Tab 15mg,Tab,Y
0403040X0AAAMAM,Mirtazapine_Orodisper Tab 45mg,Orodisper Tab,0403040X0AAAPAP,Mirtazapine_Tab 45mg,Tab,Y
0403040X0AAANAN,Mirtazapine_Tab 15mg,Tab,0403040X0AAALAL,Mirtazapine_Orodisper Tab 15mg,Orodisper Tab,Y
0403040X0AAAPAP,Mirtazapine_Tab 45mg,Tab,0403040X0AAAMAM,Mirtazapine_Orodisper Tab 45mg,Orodisper Tab,Y
0404000M0AAAFAF,Methylphenidate HCl_Oral Soln 5mg/5ml,Oral Soln,0404000M0AABBBB,Methylphenidate HCl_Oral Susp 5mg/5ml,Oral Susp,Y
0404000M0AAAHAH,Methylphenidate HCl_Tab 20mg M/R,Tab,0404000M0AAAQAQ,Methylphenidate HCl_Cap 20mg M/R,Cap,Y
0404000M0AAAQAQ,Methylphenidate HCl_Cap 20mg M/R,Cap,0404000M0AAAHAH,Methylphenidate HCl_Tab 20mg M/R,Tab,Y
0404000M0AABBBB,Methylphenidate HCl_Oral Susp 5mg/5ml,Oral Susp,0404000M0AAAFAF,Methylphenidate HCl_Oral Soln 5mg/5ml,Oral Soln,Y
0404000R0AAADAD,Modafinil_Oral Soln 100mg/5ml,Oral Soln,0404000R0AAAGAG,Modafinil_Oral Susp 100mg/5ml,Oral Susp,Y
0404000R0AAAGAG,Modafinil_Oral Soln 100mg/5ml,Oral Soln,0404000R0AAAGAG,Modafinil_Oral Susp 100mg/5ml,Oral Susp,Y
0404000R0AAAGAG,Modafinil_Oral Susp 100mg/5ml,Oral Susp,0404000R0AAADAD,Modafinil_Oral Soln 100mg/5ml,Oral Soln,Y
0404000R0AAAGAG,Modafinil_Oral Susp 100mg/5ml,Oral Susp,0404000R0AAAGAG,Modafinil_Oral Soln 100mg/5ml,Oral Soln,Y
0406000B0AAADAD,Betahistine HCl_Oral Soln 8mg/5ml,Oral Soln,0406000B0AAAGAG,Betahistine HCl_Oral Susp 8mg/5ml,Oral Susp,Y
0406000B0AAAGAG,Betahistine HCl_Oral Soln 8mg/5ml,Oral Soln,0406000B0AAAGAG,Betahistine HCl_Oral Susp 8mg/5ml,Oral Susp,Y
0406000B0AAAGAG,Betahistine HCl_Oral Susp 8mg/5ml,Oral Susp,0406000B0AAADAD,Betahistine HCl_Oral Soln 8mg/5ml,Oral Soln,Y
0406000B0AAAGAG,Betahistine HCl_Oral Susp 8mg/5ml,Oral Susp,0406000B0AAAGAG,Betahistine HCl_Oral Soln 8mg/5ml,Oral Soln,Y
0406000E0AAAAAA,Flunarizine HCl_Cap 5mg,Cap,0406000E0AAADAD,Flunarizine HCl_Tab 5mg,Tab,Y
0406000E0AAADAD,Flunarizine HCl_Tab 5mg,Tab,0406000E0AAAAAA,Flunarizine HCl_Cap 5mg,Cap,Y
0406000F0AAACAC,Cyclizine HCl_Tab 50mg,Tab,0406000F0AAABAB,Cyclizine HCl_Suppos 50mg,Suppos,
0406000F0AAAQAQ,Cyclizine HCl_Oral Soln 50mg/5ml,Oral Soln,0406000F0AAAQAQ,Cyclizine HCl_Liq Spec 50mg/5ml,Liq Spec,
0406000F0AABEBE,Cyclizine HCl_Oral Susp 50mg/5ml,Oral Susp,0406000F0AAAQAQ,Cyclizine HCl_Liq Spec 50mg/5ml,Liq Spec,
0406000L0AAACAC,Hyoscine Hydrob_Tab 150mcg,Tab,0406000L0AAAWAW,Hyoscine Hydrob_Tab Chble 150mcg,Tab Chble,N
0406000L0AAAWAW,Hyoscine Hydrob_Tab Chble 150mcg,Tab Chble,0406000L0AAACAC,Hyoscine Hydrob_Tab 150mcg,Tab,Y
0406000S0AAABAB,Ondansetron HCl_Tab 4mg,Tab,0406000S0AAAKAK,Ondansetron HCl_Orodisper Tab 4mg,Orodisper Tab,Y
0406000S0AAACAC,Ondansetron HCl_Tab 8mg,Tab,0406000S0AAALAL,Ondansetron HCl_Orodisper Tab 8mg,Orodisper Tab,Y
0406000S0AAAIAI,Ondansetron HCl_Oral Lyophil Tab 4mg S/F,Oral Lyophil Tab,0406000S0AAAMAM,Ondansetron HCl_Orodisper Film 4mg S/F,Orodisper Film,Y
0406000S0AAAJAJ,Ondansetron HCl_Oral Lyophil Tab 8mg S/F,Oral Lyophil Tab,0406000S0AAANAN,Ondansetron HCl_Orodisper Film 8mg S/F,Orodisper Film,Y
0406000S0AAAKAK,Ondansetron HCl_Orodisper Tab 4mg,Orodisper Tab,0406000S0AAABAB,Ondansetron HCl_Tab 4mg,Tab,Y
0406000S0AAALAL,Ondansetron HCl_Orodisper Tab 8mg,Orodisper Tab,0406000S0AAACAC,Ondansetron HCl_Tab 8mg,Tab,Y
0406000S0AAAMAM,Ondansetron HCl_Orodisper Film 4mg S/F,Orodisper Film,0406000S0AAAIAI,Ondansetron HCl_Oral Lyophil Tab 4mg S/F,Oral Lyophil Tab,Y
0406000S0AAANAN,Ondansetron HCl_Orodisper Film 8mg S/F,Orodisper Film,0406000S0AAAJAJ,Ondansetron HCl_Oral Lyophil Tab 8mg S/F,Oral Lyophil Tab,Y
0406000T0AAAEAE,Prochlpzine Mal_Suppos 5mg,Suppos,0406000T0AAAGAG,Prochlpzine Mal_Tab 5mg,Tab,N
0406000T0AAAGAG,Prochlpzine Mal_Tab 5mg,Tab,0406000T0AAAEAE,Prochlpzine Mal_Suppos 5mg,Suppos,N
0407010F0AAAAAA,Co-Codamol_Tab 8mg/500mg,Tab,0407010F0AAABAB,Co-Codamol_Cap 8mg/500mg,Cap,Y
0407010F0AAAHAH,Co-Codamol_Tab 30mg/500mg,Tab,0407010F0AAADAD,Co-Codamol_Cap 30mg/500mg,Cap,Y
0407010F0AAAKAK,Co-Codamol_Tab 15mg/500mg,Tab,0407010F0AAAVAV,Co-Codamol_Cap 15mg/500mg,Cap,Y
0407010F0AAAVAV,Co-Codamol_Cap 15mg/500mg,Cap,0407010F0AAAKAK,Co-Codamol_Tab 15mg/500mg,Tab,Y
0407010H0AAA5A5,Paracet_Oral Susp 500mg/5ml S/F,Oral Susp,0407010H0AADPDP,Paracet_Oral Soln 500mg/5ml S/F,Oral Soln,Y
0407010H0AAA7A7,Paracet_Oral Soln Paed 120mg/5ml S/F,Oral Soln Paed,0407010H0AAAWAW,Paracet_Oral Susp Paed 120mg/5ml S/F,Oral Susp Paed,Y
0407010H0AAABAB,Paracet_Oral Soln Paed 120mg/5ml,Oral Soln Paed,0407010H0AAAIAI,Paracet_Oral Susp Paed 120mg/5ml,Oral Susp Paed,Y
0407010H0AAACAC,Paracet_Oral Susp 250mg/5ml,Oral Susp,0407010H0AADBDB,Paracet_Liq Spec 250mg/5ml,Liq Spec,Y
0407010H0AAAIAI,Paracet_Oral Susp Paed 120mg/5ml,Oral Susp Paed,0407010H0AAABAB,Paracet_Oral Soln Paed 120mg/5ml,Oral Soln Paed,Y
0407010H0AAAMAM,Paracet_Tab 500mg,Tab,0407010H0AAAAAA,Paracet_Cap 500mg,Cap,Y
0407010H0AAAQAQ,Paracet_Tab Solb 500mg,Tab Solb,0407010H0AAAAAA,Paracet_Cap 500mg,Cap,N
0407010H0AAAWAW,Paracet_Oral Susp Paed 120mg/5ml S/F,Oral Susp Paed,0407010H0AAA7A7,Paracet_Oral Soln Paed 120mg/5ml S/F,Oral Soln Paed,Y
0407010H0AABNBN,Paracet_Suppos 1g,Suppos,0407010H0AADGDG,Paracet_Pdr Sach 1g,Pdr Sach,N
0407010H0AABUBU,Paracet_Suppos 500mg,Suppos,0407010H0AAAAAA,Paracet_Cap 500mg,Cap,N
0407010H0AADBDB,Paracet_Liq Spec 250mg/5ml,Liq Spec,0407010H0AAACAC,Paracet_Oral Susp 250mg/5ml,Oral Susp,Y
0407010H0AADLDL,Paracet_Tab 1g,Tab,0407010H0AADGDG,Paracet_Pdr Sach 1g,Pdr Sach,N
0407010H0AADPDP,Paracet_Oral Soln 500mg/5ml S/F,Oral Soln,0407010H0AAA5A5,Paracet_Oral Susp 500mg/5ml S/F,Oral Susp,Y
0407010N0AAAAAA,Co-Dydramol_Tab 10mg/500mg,Tab,0407010N0AAAFAF,Co-Dydramol_Pdr Sach 10mg/500mg,Pdr Sach,
0407010N0AAACAC,Co-Dydramol_Oral Soln 10mg/500mg/5ml,Oral Soln,0407010N0AAAGAG,Co-Dydramol_Oral Susp 10mg/500mg/5ml,Oral Susp,Y
0407010N0AAAGAG,Co-Dydramol_Oral Susp 10mg/500mg/5ml,Oral Susp,0407010N0AAACAC,Co-Dydramol_Oral Soln 10mg/500mg/5ml,Oral Soln,Y
040702040AAACAC,Tramadol HCl_Tab 100mg M/R,Tab,040702040AAAHAH,Tramadol HCl_Cap 100mg M/R,Cap,Y
040702040AAADAD,Tramadol HCl_Tab 150mg M/R,Tab,040702040AAAIAI,Tramadol HCl_Cap 150mg M/R,Cap,Y
040702040AAAIAI,Tramadol HCl_Tab 150mg M/R,Tab,040702040AAAIAI,Tramadol HCl_Cap 150mg M/R,Cap,Y
040702040AAAEAE,Tramadol HCl_Tab 200mg M/R,Tab,040702040AAAJAJ,Tramadol HCl_Cap 200mg M/R,Cap,Y
040702040AAAFAF,Tramadol HCl_Tab Solb 50mg S/F,Tab Solb,040702040AAATAT,Tramadol HCl_Orodisper Tab 50mg S/F,Orodisper Tab,Y
040702040AAAGAG,Tramadol HCl_Cap 50mg M/R,Cap,040702040AAAYAY,Tramadol HCl_Tab 50mg M/R,Tab,Y
040702040AAAHAH,Tramadol HCl_Cap 100mg M/R,Cap,040702040AAACAC,Tramadol HCl_Tab 100mg M/R,Tab,Y
040702040AAAIAI,Tramadol HCl_Cap 150mg M/R,Cap,040702040AAADAD,Tramadol HCl_Tab 150mg M/R,Tab,Y
040702040AAAIAI,Tramadol HCl_Cap 150mg M/R,Cap,040702040AAAIAI,Tramadol HCl_Tab 150mg M/R,Tab,Y
040702040AAAJAJ,Tramadol HCl_Cap 200mg M/R,Cap,040702040AAAEAE,Tramadol HCl_Tab 200mg M/R,Tab,Y
040702040AAATAT,Tramadol HCl_Orodisper Tab 50mg S/F,Orodisper Tab,040702040AAAFAF,Tramadol HCl_Tab Solb 50mg S/F,Tab Solb,Y
040702040AAAYAY,Tramadol HCl_Tab 50mg M/R,Tab,040702040AAAGAG,Tramadol HCl_Cap 50mg M/R,Cap,Y
0407020A0AAAWAW,Fentanyl_Tab Sublingual 100mcg S/F,Tab Sublingual,0407020A0AABCBC,Fentanyl_Tab Buccal 100mcg S/F,Tab Buccal,Y
0407020A0AAAXAX,Fentanyl_Tab Sublingual 200mcg S/F,Tab Sublingual,0407020A0AABTBT,Fentanyl_Buccal Film 200mcg S/F,Buccal Film,
0407020A0AAAZAZ,Fentanyl_Tab Sublingual 400mcg S/F,Tab Sublingual,0407020A0AABUBU,Fentanyl_Buccal Film 400mcg S/F,Buccal Film,
0407020A0AABABA,Fentanyl_Tab Sublingual 600mcg S/F,Tab Sublingual,0407020A0AABFBF,Fentanyl_Tab Buccal 600mcg S/F,Tab Buccal,Y
0407020A0AABBBB,Fentanyl_Tab Sublingual 800mcg S/F,Tab Sublingual,0407020A0AABVBV,Fentanyl_Buccal Film 800mcg S/F,Buccal Film,
0407020A0AABCBC,Fentanyl_Tab Buccal 100mcg S/F,Tab Buccal,0407020A0AAAWAW,Fentanyl_Tab Sublingual 100mcg S/F,Tab Sublingual,Y
0407020A0AABDBD,Fentanyl_Tab Buccal 200mcg S/F,Tab Buccal,0407020A0AABTBT,Fentanyl_Buccal Film 200mcg S/F,Buccal Film,
0407020A0AABEBE,Fentanyl_Tab Buccal 400mcg S/F,Tab Buccal,0407020A0AABUBU,Fentanyl_Buccal Film 400mcg S/F,Buccal Film,
0407020A0AABFBF,Fentanyl_Tab Buccal 600mcg S/F,Tab Buccal,0407020A0AABABA,Fentanyl_Tab Sublingual 600mcg S/F,Tab Sublingual,Y
0407020A0AABGBG,Fentanyl_Tab Buccal 800mcg S/F,Tab Buccal,0407020A0AABVBV,Fentanyl_Buccal Film 800mcg S/F,Buccal Film,
0407020G0AAAAAA,Dihydrocodeine Tart_Oral Soln 10mg/5ml,Oral Soln,0407020G0AAAPAP,Dihydrocodeine Tart_Liq Spec 10mg/5ml,Liq Spec,
0407020M0AAAEAE,Methadone HCl_Tab 5mg,Tab,0407020M0AABUBU,Methadone HCl_Cap 5mg,Cap,Y
0407020Q0AAAGAG,Morph Sulf_Tab 200mg M/R,Tab,0407020Q0AAEIEI,Morph Sulf_Cap 200mg M/R,Cap,Y
0407020Q0AAAHAH,Morph Sulf_Tab 100mg M/R,Tab,0407020Q0AAEBEB,Morph Sulf_Cap 100mg M/R,Cap,Y
0407020Q0AAAIAI,Morph Sulf_Tab 60mg M/R,Tab,0407020Q0AAEHEH,Morph Sulf_Cap 60mg M/R,Cap,Y
0407020Q0AAAKAK,Morph Sulf_Tab 10mg M/R,Tab,0407020Q0AAEFEF,Morph Sulf_Cap 10mg M/R,Cap,Y
0407020Q0AAALAL,Morph Sulf_Tab 30mg M/R,Tab,0407020Q0AAEGEG,Morph Sulf_Cap 30mg M/R,Cap,Y
0407020Q0AACDCD,Morph Sulf_Tab 10mg,Tab,0407020Q0AACQCQ,Morph Sulf_Suppos 10mg,Suppos,N
0407020Q0AACECE,Morph Sulf_Tab 20mg,Tab,0407020Q0AACRCR,Morph Sulf_Suppos 20mg,Suppos,
0407020Q0AACPCP,Morph Sulf_Gran Sach 30mg M/R,Gran Sach,0407020Q0AAEGEG,Morph Sulf_Cap 30mg M/R,Cap,N
0407020Q0AACQCQ,Morph Sulf_Suppos 10mg,Suppos,0407020Q0AACDCD,Morph Sulf_Tab 10mg,Tab,N
0407020Q0AACVCV,Morph Sulf_Gran Sach 20mg M/R,Gran Sach,0407020Q0AADZDZ,Morph Sulf_Cap 20mg M/R,Cap,
0407020Q0AADCDC,Morph Sulf_Gran Sach 60mg M/R,Gran Sach,0407020Q0AAEHEH,Morph Sulf_Cap 60mg M/R,Cap,Y
0407020Q0AADDDD,Morph Sulf_Gran Sach 100mg M/R,Gran Sach,0407020Q0AAEBEB,Morph Sulf_Cap 100mg M/R,Cap,Y
0407020Q0AADEDE,Morph Sulf_Gran Sach 200mg M/R,Gran Sach,0407020Q0AAEIEI,Morph Sulf_Cap 200mg M/R,Cap,Y
0407020Q0AAEBEB,Morph Sulf_Cap 100mg M/R,Cap,0407020Q0AADDDD,Morph Sulf_Gran Sach 100mg M/R,Gran Sach,N
0407020Q0AAEFEF,Morph Sulf_Cap 10mg M/R,Cap,0407020Q0AAAKAK,Morph Sulf_Tab 10mg M/R,Tab,Y
0407020Q0AAEGEG,Morph Sulf_Cap 30mg M/R,Cap,0407020Q0AACPCP,Morph Sulf_Gran Sach 30mg M/R,Gran Sach,N
0407020Q0AAEHEH,Morph Sulf_Cap 60mg M/R,Cap,0407020Q0AADCDC,Morph Sulf_Gran Sach 60mg M/R,Gran Sach,N
0407020Q0AAEIEI,Morph Sulf_Cap 200mg M/R,Cap,0407020Q0AADEDE,Morph Sulf_Gran Sach 200mg M/R,Gran Sach,N
0407020Q0AAFXFX,Morph Sulf_Intrasite Gel 0.1%,Intrasite Gel,0407020Q0AAFSFS,Morph Sulf_Gel 0.1%,Gel,
0407020Q0AAFYFY,Morph Sulf_Intrasite Gel 0.2%,Intrasite Gel,0407020Q0AAFUFU,Morph Sulf_Gel 0.2%,Gel,
0407020V0AAACAC,Pethidine HCl_Tab 50mg,Tab,0407020V0AABFBF,Pethidine HCl_Cap 50mg,Cap,Y
0407041R0AAABAB,Rizatriptan_Tab 10mg,Tab,0407041R0AAACAC,Rizatriptan_Oral Lyophilisate Tab 10mg,Oral Lyophilisate Tab,Y
0407041R0AAACAC,Rizatriptan_Oral Lyophilisate Tab 10mg,Oral Lyophilisate Tab,0407041R0AAABAB,Rizatriptan_Tab 10mg,Tab,Y
0407042F0AAAFAF,Clonidine HCl_Oral Soln 50mcg/5ml,Oral Soln,0407042F0AAAFAF,Clonidine HCl_Liq Spec 50mcg/5ml,Liq Spec,
0407042F0AAAFAF,Clonidine HCl_Oral Susp 50mcg/5ml,Oral Susp,0407042F0AAAFAF,Clonidine HCl_Liq Spec 50mcg/5ml,Liq Spec,
040801050AAAAAA,Topiramate_Tab 50mg,Tab,040801050AAAWAW,Topiramate_Cap 50mg,Cap,Y
040801050AAADAD,Topiramate_Tab 25mg,Tab,040801050AAAVAV,Topiramate_Cap 25mg,Cap,Y
040801050AAARAR,Topiramate_Oral Susp 50mg/5ml,Oral Susp,040801050AAARAR,Topiramate_Liq Spec 50mg/5ml,Liq Spec,
0408010ADAAADAD,Zonisamide_Oral Soln 50mg/5ml,Oral Soln,0408010ADAAAEAE,Zonisamide_Oral Susp 50mg/5ml,Oral Susp,Y
0408010ADAAAEAE,Zonisamide_Oral Soln 50mg/5ml,Oral Soln,0408010ADAAAEAE,Zonisamide_Oral Susp 50mg/5ml,Oral Susp,Y
0408010ADAAAEAE,Zonisamide_Oral Susp 50mg/5ml,Oral Susp,0408010ADAAADAD,Zonisamide_Oral Soln 50mg/5ml,Oral Soln,Y
0408010ADAAAEAE,Zonisamide_Oral Susp 50mg/5ml,Oral Susp,0408010ADAAAEAE,Zonisamide_Oral Soln 50mg/5ml,Oral Soln,Y
0408010AEAAACAC,Pregabalin_Cap 75mg,Cap,0408010AEAAALAL,Pregabalin_Pdr Sach 75mg,Pdr Sach,
0408010AGAAAAAA,Stiripentol_Cap 250mg,Cap,0408010AGAAACAC,Stiripentol_Pdr Sach 250mg,Pdr Sach,N
0408010AGAAABAB,Stiripentol_Cap 500mg,Cap,0408010AGAAADAD,Stiripentol_Pdr Sach 500mg,Pdr Sach,Y
0408010AGAAACAC,Stiripentol_Pdr Sach 250mg,Pdr Sach,0408010AGAAAAAA,Stiripentol_Cap 250mg,Cap,Y
0408010AGAAADAD,Stiripentol_Pdr Sach 500mg,Pdr Sach,0408010AGAAABAB,Stiripentol_Cap 500mg,Cap,N
0408010C0AAACAC,Carbamazepine_Tab 200mg,Tab,0408010C0AAAKAK,Carbamazepine_Tab Chble 200mg,Tab Chble,N
0408010C0AAAKAK,Carbamazepine_Tab Chble 200mg,Tab Chble,0408010C0AAACAC,Carbamazepine_Tab 200mg,Tab,Y
0408010G0AAAQAQ,Gabapentin_Liq Spec 250mg/5ml,Liq Spec,0408010G0AAAQAQ,Gabapentin_Oral Soln 250mg/5ml,Oral Soln,Y
0408010G0AAAQAQ,Gabapentin_Oral Soln 250mg/5ml,Oral Soln,0408010G0AAAQAQ,Gabapentin_Liq Spec 250mg/5ml,Liq Spec,Y
0408010N0AAASAS,Phenobarb_Cap 100mg,Cap,0408010N0AAAMAM,Phenobarb_Tab 100mg,Tab,
0408010N0AADMDM,Phenobarb_Liq Spec 15mg/5ml,Liq Spec,0408010N0AAACAC,Phenobarb_Elix 15mg/5ml,Elix,Y
0408010Q0AAAGAG,Phenytoin_Sod Tab 100mg,Sod Tab,0408010Q0AAAAAA,Phenytoin_Sod Cap 100mg,Sod Cap,N
0408010U0AAAXAX,Primidone_Tab 50mg,Tab,0408010U0AAAFAF,Primidone_Cap 50mg,Cap,Y
0408010W0AAA1A1,Sod Valpr_Tab 300mg M/R,Tab,0408010W0AABRBR,Sod Valpr_Cap 300mg M/R,Cap,Y
0408010W0AABRBR,Sod Valpr_Cap 300mg M/R,Cap,0408010W0AAA1A1,Sod Valpr_Tab 300mg M/R,Tab,N
0408010Z0AAACAC,Phenytoin_Tab Chble 50mg,Tab Chble,0408010Q0AAAPAP,Phenytoin_Sod Cap 50mg,Sod Cap,N
0408010Z0AAALAL,Phenytoin_Oral Susp 90mg/5ml,Oral Susp,0408010Q0AAAYAY,Phenytoin_Sod Oral Soln 90mg/5ml,Sod Oral Soln,Y
0409010N0AAAKAK,Co-Careldopa_Oral Soln 25mg/100mg/5ml,Oral Soln,0409010N0AAAUAU,Co-Careldopa_Oral Susp 25mg/100mg/5ml,Oral Susp,Y
0409010N0AAAUAU,Co-Careldopa_Oral Susp 25mg/100mg/5ml,Oral Susp,0409010N0AAAKAK,Co-Careldopa_Oral Soln 25mg/100mg/5ml,Oral Soln,Y
0409020C0AAACAC,Trihexyphenidyl HCl_Oral Soln 5mg/5ml,Oral Soln,0409020C0AAAKAK,Trihexyphenidyl HCl_Liq Spec 5mg/5ml,Liq Spec,Y
0409020C0AAAKAK,Trihexyphenidyl HCl_Liq Spec 5mg/5ml,Liq Spec,0409020C0AAACAC,Trihexyphenidyl HCl_Oral Soln 5mg/5ml,Oral Soln,Y
0410020B0AAAWAW,Nicotine_Subling Tab 2mg S/F,Subling Tab,0410020B0AABABA,Nicotine_Chewing Gum 2mg S/F,Chewing Gum,N
0410020B0AAAYAY,Nicotine_Loz 2mg S/F,Loz,0410020B0AABABA,Nicotine_Chewing Gum 2mg S/F,Chewing Gum,N
0410020B0AAAZAZ,Nicotine_Loz 4mg S/F,Loz,0410020B0AABDBD,Nicotine_Chewing Gum 4mg S/F,Chewing Gum,Y
0410020B0AABABA,Nicotine_Chewing Gum 2mg S/F,Chewing Gum,0410020B0AAAYAY,Nicotine_Loz 2mg S/F,Loz,N
0410020B0AABDBD,Nicotine_Chewing Gum 4mg S/F,Chewing Gum,0410020B0AAAZAZ,Nicotine_Loz 4mg S/F,Loz,N
0411000D0AAAAAA,Donepezil HCl_Tab 5mg,Tab,0411000D0AAAHAH,Donepezil HCl_Orodisper Tab 5mg,Orodisper Tab,Y
0411000D0AAABAB,Donepezil HCl_Tab 10mg,Tab,0411000D0AAAIAI,Donepezil HCl_Orodisper Tab 10mg,Orodisper Tab,Y
0411000D0AAAHAH,Donepezil HCl_Orodisper Tab 5mg,Orodisper Tab,0411000D0AAAAAA,Donepezil HCl_Tab 5mg,Tab,Y
0411000D0AAAIAI,Donepezil HCl_Orodisper Tab 10mg,Orodisper Tab,0411000D0AAABAB,Donepezil HCl_Tab 10mg,Tab,Y
0501021K0AAAAAA,Cefuroxime Axetil_Tab 125mg,Tab,0501021K0AAADAD,Cefuroxime Axetil_Gran Sach 125mg,Gran Sach,
0501021L0AAAAAA,Cefalexin_Cap 250mg,Cap,0501021L0AAAGAG,Cefalexin_Tab 250mg,Tab,Y
0501021L0AAABAB,Cefalexin_Cap 500mg,Cap,0501021L0AAAHAH,Cefalexin_Tab 500mg,Tab,Y
0501021L0AAAGAG,Cefalexin_Tab 250mg,Tab,0501021L0AAAAAA,Cefalexin_Cap 250mg,Cap,Y
0501021L0AAAHAH,Cefalexin_Tab 500mg,Tab,0501021L0AAABAB,Cefalexin_Cap 500mg,Cap,Y
0501030F0AAAAAA,Demeclocycline HCl_Cap 150mg,Cap,0501030F0AAAIAI,Demeclocycline HCl_Tab 150mg,Tab,Y
0501030F0AAAIAI,Demeclocycline HCl_Tab 150mg,Tab,0501030F0AAAAAA,Demeclocycline HCl_Cap 150mg,Cap,Y
0501030P0AAAAAA,Minocycline HCl_Tab 50mg,Tab,0501030P0AAADAD,Minocycline HCl_Cap 50mg,Cap,Y
0501030P0AAABAB,Minocycline HCl_Tab 100mg,Tab,0501030P0AAAEAE,Minocycline HCl_Cap 100mg,Cap,Y
0501030P0AAADAD,Minocycline HCl_Cap 50mg,Cap,0501030P0AAAAAA,Minocycline HCl_Tab 50mg,Tab,Y
0501030P0AAAEAE,Minocycline HCl_Cap 100mg,Cap,0501030P0AAABAB,Minocycline HCl_Tab 100mg,Tab,Y
0501030V0AAAAAA,Tetracycline_Cap 250mg,Cap,0501030V0AAAFAF,Tetracycline_Tab 250mg,Tab,Y
0501030V0AAAFAF,Tetracycline_Tab 250mg,Tab,0501030V0AAAAAA,Tetracycline_Cap 250mg,Cap,Y
0501050A0AAAAAA,Azithromycin_Cap 250mg,Cap,0501050A0AAAGAG,Azithromycin_Tab 250mg,Tab,Y
0501050A0AAAGAG,Azithromycin_Tab 250mg,Tab,0501050A0AAAAAA,Azithromycin_Cap 250mg,Cap,Y
0501060D0AAANAN,Clindamycin HCl_Oral Susp 75mg/5ml,Oral Susp,0501060D0AAAEAE,Clindamycin HCl_Oral Soln 75mg/5ml,Oral Soln,
0501060D0AAANAN,Clindamycin HCl_Oral Susp 75mg/5ml,Oral Susp,0501060D0AAANAN,Clindamycin HCl_Oral Soln 75mg/5ml,Oral Soln,
0501090K0AACUCU,Isoniazid_Oral Soln 50mg/5ml,Oral Soln,0501090K0AABIBI,Isoniazid_Oral Susp 50mg/5ml,Oral Susp,
0501090K0AACUCU,Isoniazid_Oral Soln 50mg/5ml,Oral Soln,0501090K0AACUCU,Isoniazid_Oral Susp 50mg/5ml,Oral Susp,
0501110C0AAAEAE,Metronidazole_Oral Susp 200mg/5ml,Oral Susp,0501110C0AABQBQ,Metronidazole_Liq Spec 200mg/5ml,Liq Spec,
0501110C0AAAGAG,Metronidazole_Suppos 500mg,Suppos,0501110C0AABHBH,Metronidazole_Tab 500mg,Tab,N
0501110C0AAAIAI,Metronidazole_Tab 200mg,Tab,0501110C0AABJBJ,Metronidazole_Suppos 200mg,Suppos,
0501110C0AABHBH,Metronidazole_Tab 500mg,Tab,0501110C0AAAGAG,Metronidazole_Suppos 500mg,Suppos,N
0501130R0AAABAB,Nitrofurantoin_Cap 100mg,Cap,0501130R0AAAEAE,Nitrofurantoin_Tab 100mg,Tab,Y
0501130R0AAADAD,Nitrofurantoin_Tab 50mg,Tab,0501130R0AAAAAA,Nitrofurantoin_Cap 50mg,Cap,Y
0501130R0AAAEAE,Nitrofurantoin_Tab 100mg,Tab,0501130R0AAABAB,Nitrofurantoin_Cap 100mg,Cap,Y
0502030A0AAAAAA,Amphotericin_Inf(Sod Desoxychol) 50mg Vl,Inf(Sod Desoxychol),0502030A0AAAIAI,Amphotericin_Inf (In Liposomes) 50mg Vl,Inf (In Liposomes),N
0502050C0AAAEAE,Terbinafine HCl_Oral Soln 250mg/5ml,Oral Soln,0502050C0AAAFAF,Terbinafine HCl_Oral Susp 250mg/5ml,Oral Susp,Y
0502050C0AAAFAF,Terbinafine HCl_Oral Susp 250mg/5ml,Oral Susp,0502050C0AAAEAE,Terbinafine HCl_Oral Soln 250mg/5ml,Oral Soln,Y
0503010U0AAACAC,Ritonavir_Tab 100mg,Tab,0503010U0AAAAAA,Ritonavir_Cap 100mg,Cap,
0503021C0AAABAB,Aciclovir_Tab 200mg,Tab,0503021C0AAAGAG,Aciclovir_Tab Disper 200mg,Tab Disper,N
0503021C0AAACAC,Aciclovir_Tab 400mg,Tab,0503021C0AAAHAH,Aciclovir_Tab Disper 400mg,Tab Disper,Y
0503021C0AAADAD,Aciclovir_Tab 800mg,Tab,0503021C0AAAEAE,Aciclovir_Tab Disper 800mg,Tab Disper,N
0503021C0AAAEAE,Aciclovir_Tab Disper 800mg,Tab Disper,0503021C0AAADAD,Aciclovir_Tab 800mg,Tab,Y
0503021C0AAAGAG,Aciclovir_Tab Disper 200mg,Tab Disper,0503021C0AAABAB,Aciclovir_Tab 200mg,Tab,N
0503021C0AAAHAH,Aciclovir_Tab Disper 400mg,Tab Disper,0503021C0AAACAC,Aciclovir_Tab 400mg,Tab,N
0503050B0AAABAB,Ribavirin_Cap 200mg,Cap,0503050B0AAAEAE,Ribavirin_Tab 200mg,Tab,
0505030A0AAABAB,Albendazole_Tab Chble 400mg,Tab Chble,0505030A0AAADAD,Albendazole_Tab 400mg,Tab,N
0505030A0AAADAD,Albendazole_Tab 400mg,Tab,0505030A0AAABAB,Albendazole_Tab Chble 400mg,Tab Chble,N
0601011N0AAACAC,Ins Solb_Inj (Pore) 100u/ml 10ml Vl,Inj (Pore),0601011N0AAAAAA,Ins Solb_Inj (Bov) 100u/ml 10ml Vl,Inj (Bov),Y
0601011N0AAAPAP,Ins Solb_Inj (Hum Prb) 100u/ml 3ml Cart,Inj (Hum Prb),0601011N0AAAYAY,Ins Solb_Inj (Bov) 100u/ml 3ml Cart,Inj (Bov),
0601012S0AAASAS,Ins Isop_Inj (Bov) 100u/ml 3ml Cart,Inj (Bov),0601012S0AAATAT,Ins Isop_Inj (Pore) 100u/ml 3ml Cart,Inj (Pore),N
0601012S0AAATAT,Ins Isop_Inj (Pore) 100u/ml 3ml Cart,Inj (Pore),0601012S0AAASAS,Ins Isop_Inj (Bov) 100u/ml 3ml Cart,Inj (Bov),N
0601022B0AAADAD,Metformin HCl_Tab 850mg,Tab,0601022B0AAAQAQ,Metformin HCl_Cap 850mg,Cap,Y
0601040E0AAAMAM,Diazoxide_Oral Soln 50mg/5ml,Oral Soln,0601040E0AABIBI,Diazoxide_Oral Susp 50mg/5ml,Oral Susp,Y
0601040E0AABIBI,Diazoxide_Oral Soln 50mg/5ml,Oral Soln,0601040E0AABIBI,Diazoxide_Oral Susp 50mg/5ml,Oral Susp,Y
0601040E0AABHBH,Diazoxide_Oral Susp 250mg/5ml,Oral Susp,0601040E0AAAYAY,Diazoxide_Oral Soln 250mg/5ml,Oral Soln,
0601040E0AABIBI,Diazoxide_Oral Susp 50mg/5ml,Oral Susp,0601040E0AAAMAM,Diazoxide_Oral Soln 50mg/5ml,Oral Soln,Y
0601040E0AABIBI,Diazoxide_Oral Susp 50mg/5ml,Oral Susp,0601040E0AABIBI,Diazoxide_Oral Soln 50mg/5ml,Oral Soln,Y
0602010M0AAAUAU,Liothyronine Sod_Cap 10mcg,Cap,0602010M0AAAQAQ,Liothyronine Sod_Tab 10mcg,Tab,
0602010V0AAAFAF,Levothyrox Sod_Cap 50mcg,Cap,0602010V0AABPBP,Levothyrox Sod_Pdrs 50mcg,Pdrs,
0602010V0AABWBW,Levothyrox Sod_Tab 25mcg,Tab,0602010V0AAAGAG,Levothyrox Sod_Cap 25mcg,Cap,Y
0602010V0AABXBX,Levothyrox Sod_Tab 50mcg,Tab,0602010V0AAAFAF,Levothyrox Sod_Cap 50mcg,Cap,Y
0602010V0AABZBZ,Levothyrox Sod_Tab 100mcg,Tab,0602010V0AACMCM,Levothyrox Sod_Cap 100mcg,Cap,Y
0602010V0AACJCJ,Levothyrox Sod_Cap 150mcg,Cap,0602010V0AADNDN,Levothyrox Sod_Pdrs 150mcg,Pdrs,N
0602010V0AACMCM,Levothyrox Sod_Cap 100mcg,Cap,0602010V0AACQCQ,Levothyrox Sod_Pdrs 100mcg,Pdrs,N
0602010V0AACQCQ,Levothyrox Sod_Pdrs 100mcg,Pdrs,0602010V0AACMCM,Levothyrox Sod_Cap 100mcg,Cap,N
0602010V0AADNDN,Levothyrox Sod_Pdrs 150mcg,Pdrs,0602010V0AACJCJ,Levothyrox Sod_Cap 150mcg,Cap,N
0602020D0AAAWAW,Carbimazole_Oral Susp 10mg/5ml,Oral Susp,0602020D0AAAGAG,Carbimazole_Oral Soln 10mg/5ml,Oral Soln,
0603020J0AAAJAJ,Hydrocort_Liq Spec 5mg/5ml,Liq Spec,0603020J0AAAXAX,Hydrocort_Oral Susp 5mg/5ml,Oral Susp,Y
0603020J0AAAXAX,Hydrocort_Oral Susp 5mg/5ml,Oral Susp,0603020J0AAAJAJ,Hydrocort_Liq Spec 5mg/5ml,Liq Spec,Y
0604011D0AAALAL,Ethinylestr_Tab 2mcg,Tab,0604011D0AAAWAW,Ethinylestr_Cap 2mcg,Cap,
0604011G0AABDBD,Estradiol_Tab 1mg,Tab,0604011K0AAAAAA,Estradiol_Val Tab 1mg,Val Tab,Y
0604011K0AAAAAA,Estradiol_Val Tab 1mg,Val Tab,0604011G0AABDBD,Estradiol_Tab 1mg,Tab,Y
0604012S0AABZBZ,Progesterone_Vag Cap 200mg (Micronised),Vag Cap,0604012S0AABWBW,Progesterone_Cap 200mg (Micronised),Cap,
0604020K0AABHBH,Testosterone_Gel Sach 50mg/5g,Gel Sach,0604020K0AABKBK,Testosterone_Gel 50mg/5g,Gel,Y
0604020K0AABKBK,Testosterone_Gel 50mg/5g,Gel,0604020K0AABHBH,Testosterone_Gel Sach 50mg/5g,Gel Sach,N
0604030Q0AAAAAA,Prasterone_Cap 25mg,Cap,0604030Q0AAAIAI,Prasterone_Tab 25mg,Tab,
0702020H0AAAFAF,Econazole Nit_Pess L/A 150mg + Applic,Pess L/A,0702020H0AAAFAF,Econazole Nit_Pess 150mg + Applic,Pess,Y
0703030G0AAAIAI,Nonoxinol 9_Gel 2%,Gel,0703030G0AAABAB,Nonoxinol 9_Crm 2%,Crm,
0704010U0AAAAAA,Tamsulosin HCl_Cap 400mcg M/R,Cap,0704010U0AAABAB,Tamsulosin HCl_Tab 400mcg M/R,Tab,Y
0704010U0AAABAB,Tamsulosin HCl_Tab 400mcg M/R,Tab,0704010U0AAAAAA,Tamsulosin HCl_Cap 400mcg M/R,Cap,Y
0704020J0AAAZAZ,Oxybutynin HCl_Oral Soln 2.5mg/5ml,Oral Soln,0704020J0AAAKAK,Oxybutynin HCl_Liq Spec 2.5mg/5ml,Liq Spec,Y
0704020J0AAAZAZ,Oxybutynin HCl_Oral Soln 2.5mg/5ml,Oral Soln,0704020J0AAAZAZ,Oxybutynin HCl_Liq Spec 2.5mg/5ml,Liq Spec,Y
0704020J0AAAKAK,Oxybutynin HCl_Liq Spec 2.5mg/5ml,Liq Spec,0704020J0AAAZAZ,Oxybutynin HCl_Oral Soln 2.5mg/5ml,Oral Soln,Y
0704020J0AAAZAZ,Oxybutynin HCl_Liq Spec 2.5mg/5ml,Liq Spec,0704020J0AAAZAZ,Oxybutynin HCl_Oral Soln 2.5mg/5ml,Oral Soln,Y
0704020N0AAAJAJ,Tolterodine_Oral Susp 2mg/5ml,Oral Susp,0704020N0AAAEAE,Tolterodine_Oral Soln 2mg/5ml,Oral Soln,
0704030J0AAAHAH,Sod Cit_Pdr Sach 4g,Pdr Sach,0704030J0AAAIAI,Sod Cit_Gran Sach 4g,Gran Sach,Y
0704030J0AAAIAI,Sod Cit_Pdr Sach 4g,Pdr Sach,0704030J0AAAIAI,Sod Cit_Gran Sach 4g,Gran Sach,Y
0704030J0AAAIAI,Sod Cit_Gran Sach 4g,Gran Sach,0704030J0AAAHAH,Sod Cit_Pdr Sach 4g,Pdr Sach,Y
0704030J0AAAIAI,Sod Cit_Gran Sach 4g,Gran Sach,0704030J0AAAIAI,Sod Cit_Pdr Sach 4g,Pdr Sach,Y
0704050B0AAAVAV,Alprostadil_Cont Pack Inj 20mcg Cart,Cont Pack Inj,0704050B0AABLBL,Alprostadil_S/Pack Inj 20mcg Cart,S/Pack Inj,Y
0704050B0AAAWAW,Alprostadil_Cont Pack Inj 10mcg Cart,Cont Pack Inj,0704050B0AABMBM,Alprostadil_S/Pack Inj 10mcg Cart,S/Pack Inj,N
0704050B0AABFBF,Alprostadil_Cont Pack Inj 40mcg Cart,Cont Pack Inj,0704050B0AABNBN,Alprostadil_S/Pack Inj 40mcg Cart,S/Pack Inj,N
0704050B0AABLBL,Alprostadil_S/Pack Inj 20mcg Cart,S/Pack Inj,0704050B0AAAVAV,Alprostadil_Cont Pack Inj 20mcg Cart,Cont Pack Inj,Y
0704050B0AABMBM,Alprostadil_S/Pack Inj 10mcg Cart,S/Pack Inj,0704050B0AAAWAW,Alprostadil_Cont Pack Inj 10mcg Cart,Cont Pack Inj,Y
0704050B0AABNBN,Alprostadil_S/Pack Inj 40mcg Cart,S/Pack Inj,0704050B0AABFBF,Alprostadil_Cont Pack Inj 40mcg Cart,Cont Pack Inj,N
0704050Z0AAAFAF,Sildenafil_Oral Soln 25mg/5ml,Oral Soln,0704050Z0AAALAL,Sildenafil_Oral Susp 25mg/5ml,Oral Susp,Y
0704050Z0AAAGAG,Sildenafil_Oral Soln 10mg/5ml,Oral Soln,0704050Z0AAAKAK,Sildenafil_Oral Susp 10mg/5ml,Oral Susp,Y
0704050Z0AAAKAK,Sildenafil_Oral Susp 10mg/5ml,Oral Susp,0704050Z0AAAGAG,Sildenafil_Oral Soln 10mg/5ml,Oral Soln,Y
0704050Z0AAALAL,Sildenafil_Oral Susp 25mg/5ml,Oral Susp,0704050Z0AAAFAF,Sildenafil_Oral Soln 25mg/5ml,Oral Soln,Y
0801030L0AAABAB,Mercaptopurine_Tab 10mg,Tab,0801030L0AAAGAG,Mercaptopurine_Cap 10mg,Cap,Y
0801030L0AAAGAG,Mercaptopurine_Cap 10mg,Cap,0801030L0AAABAB,Mercaptopurine_Tab 10mg,Tab,Y
0801030L0AAALAL,Mercaptopurine_Cap 25mg,Cap,0801030L0AAAJAJ,Mercaptopurine_Tab 25mg,Tab,
0801050AAAAACAC,Imatinib Mesil_Tab 100mg,Tab,0801050AAAAAAAA,Imatinib Mesil_Cap 100mg,Cap,
0801050P0AAABAB,Hydroxycarbamide_Oral Soln 500mg/5ml,Oral Soln,0801050P0AAADAD,Hydroxycarbamide_Oral Susp 500mg/5ml,Oral Susp,Y
0801050P0AAADAD,Hydroxycarbamide_Oral Susp 500mg/5ml,Oral Susp,0801050P0AAABAB,Hydroxycarbamide_Oral Soln 500mg/5ml,Oral Soln,Y
0802010G0AAAPAP,Azathioprine_Oral Soln 50mg/5ml,Oral Soln,0802010G0AACHCH,Azathioprine_Oral Susp 50mg/5ml,Oral Susp,Y
0802010G0AACHCH,Azathioprine_Oral Susp 50mg/5ml,Oral Susp,0802010G0AAAPAP,Azathioprine_Oral Soln 50mg/5ml,Oral Soln,Y
0802010G0AACICI,Azathioprine_Oral Susp 25mg/5ml,Oral Susp,0802010G0AAASAS,Azathioprine_Oral Soln 25mg/5ml,Oral Soln,
0802010G0AACICI,Azathioprine_Oral Susp 25mg/5ml,Oral Susp,0802010G0AACICI,Azathioprine_Oral Soln 25mg/5ml,Oral Soln,
0802020T0AAANAN,Tacrolimus_Cap 1mg M/R,Cap,0802020T0AABCBC,Tacrolimus_Tab 1mg M/R,Tab,
0901011P0AACKCK,Ferr Sulf_Oral Soln 60mg/5ml,Oral Soln,0901011P0AABPBP,Ferr Sulf_Liq Spec 60mg/5ml,Liq Spec,
0902012L0AABRBR,Sod Chlor_Liq Spec 292.5mg/5ml,Liq Spec,0902012L0AADDDD,Sod Chlor_Oral Soln 292.5mg/5ml,Oral Soln,
0902012L0AABRBR,Sod Chlor_Liq Spec 292.5mg/5ml,Liq Spec,0902012L0AADCDC,Sod Chlor_Oral Soln 292.5mg/5ml,Oral Soln,
0902012L0AADDDD,Sod Chlor_Liq Spec 292.5mg/5ml,Liq Spec,0902012L0AADDDD,Sod Chlor_Oral Soln 292.5mg/5ml,Oral Soln,
0902012L0AADDDD,Sod Chlor_Liq Spec 292.5mg/5ml,Liq Spec,0902012L0AADCDC,Sod Chlor_Oral Soln 292.5mg/5ml,Oral Soln,
0902013S0AAADAD,Sod Bicarb_Cap 600mg,Cap,0902013S0AAAPAP,Sod Bicarb_Tab 600mg,Tab,Y
0902013S0AAAPAP,Sod Bicarb_Tab 600mg,Tab,0902013S0AAADAD,Sod Bicarb_Cap 600mg,Cap,Y
0902021S0AAAXAX,Sod Chlor_I/V Inf 0.9%,I/V Inf,1108010K0AAAAAA,Sod Chlor_Eye Dps 0.9%,Eye Dps,N
0902021S0AADQDQ,Sod Chlor_I/V Inf 0.9%,I/V Inf,1108010K0AAAAAA,Sod Chlor_Eye Dps 0.9%,Eye Dps,N
0905011K0AAAGAG,Calc Glucon_Tab 600mg,Tab,0905011K0AAARAR,Calc Glucon_Cap 600mg,Cap,
0905013G0AAA2A2,Mag Glycerophos_Tab 97.2mg,Tab,0905013G0AAA4A4,Mag Glycerophos_Cap 97.2mg,Cap,Y
0905013G0AAA4A4,Mag Glycerophos_Cap 97.2mg,Cap,0905013G0AABVBV,Mag Glycerophos_Pdrs 97.2mg,Pdrs,
0905013G0AABMBM,Mag Glycerophos_Cap 48.6mg,Cap,0905013G0AACXCX,Mag Glycerophos_Tab 48.6mg,Tab,Y
0905013G0AACXCX,Mag Glycerophos_Tab 48.6mg,Tab,0905013G0AABMBM,Mag Glycerophos_Cap 48.6mg,Cap,Y
0905021L0AAAGAG,Sod Dihydrogen Phos_Oral Susp 780mg/5ml,Oral Susp,0905021L0AAASAS,Sod Dihydrogen Phos_Oral Soln 780mg/5ml,Oral Soln,Y
0905021L0AAASAS,Sod Dihydrogen Phos_Oral Susp 780mg/5ml,Oral Susp,0905021L0AAASAS,Sod Dihydrogen Phos_Oral Soln 780mg/5ml,Oral Soln,Y
0905021L0AAASAS,Sod Dihydrogen Phos_Oral Soln 780mg/5ml,Oral Soln,0905021L0AAAGAG,Sod Dihydrogen Phos_Oral Susp 780mg/5ml,Oral Susp,Y
0905021L0AAASAS,Sod Dihydrogen Phos_Oral Soln 780mg/5ml,Oral Soln,0905021L0AAASAS,Sod Dihydrogen Phos_Oral Susp 780mg/5ml,Oral Susp,Y
0905050A0AAAAAA,Selenium_Oral Soln 50mcg/ml 2ml Amp,Oral Soln,0905050A0AAACAC,Selenium_Inj 50mcg/ml 2ml Amp,Inj,N
0905050A0AAACAC,Selenium_Inj 50mcg/ml 2ml Amp,Inj,0905050A0AAAAAA,Selenium_Oral Soln 50mcg/ml 2ml Amp,Oral Soln,N
0906022K0AAACAC,Nicotinamide_Tab 500mg,Tab,0906022K0AAAGAG,Nicotinamide_Cap 500mg,Cap,Y
0906022K0AAAGAG,Nicotinamide_Cap 500mg,Cap,0906022K0AAACAC,Nicotinamide_Tab 500mg,Tab,Y
0906024N0AAAGAG,Pyridox HCl_Tab 10mg,Tab,0906024N0AABJBJ,Pyridox HCl_Cap 10mg,Cap,Y
0906024N0AAAJAJ,Pyridox HCl_Tab 100mg,Tab,0906024N0AABEBE,Pyridox HCl_Cap 100mg,Cap,
0906025P0AAAAAA,Riboflavin_Tab 50mg,Tab,0906025P0AABFBF,Riboflavin_Cap 50mg,Cap,Y
0906025P0AABPBP,Riboflavin_Tab 100mg,Tab,0906025P0AAAUAU,Riboflavin_Cap 100mg,Cap,Y
0906026M0AAAXAX,Thiamine HCl_Oral Soln 50mg/5ml,Oral Soln,0906026M0AABKBK,Thiamine HCl_Oral Susp 50mg/5ml,Oral Susp,Y
0906026M0AABKBK,Thiamine HCl_Oral Soln 50mg/5ml,Oral Soln,0906026M0AABKBK,Thiamine HCl_Oral Susp 50mg/5ml,Oral Susp,Y
0906026M0AABKBK,Thiamine HCl_Oral Susp 50mg/5ml,Oral Susp,0906026M0AAAXAX,Thiamine HCl_Oral Soln 50mg/5ml,Oral Soln,Y
0906026M0AABKBK,Thiamine HCl_Oral Susp 50mg/5ml,Oral Susp,0906026M0AABKBK,Thiamine HCl_Oral Soln 50mg/5ml,Oral Soln,Y
090602800AAANAN,Pot Aminobenz_Cap 500mg,Cap,090602800AAAVAV,Pot Aminobenz_Tab 500mg,Tab,
0906031C0AAAIAI,Ascorbic Acid_Tab 500mg,Tab,0906031C0AABIBI,Ascorbic Acid_Cap 500mg,Cap,Y
0906031C0AAALAL,Ascorbic Acid_Tab Chble 500mg,Tab Chble,0906031C0AABIBI,Ascorbic Acid_Cap 500mg,Cap,
0906031C0AACBCB,Ascorbic Acid_Tab Chble 500mg,Tab Chble,0906031C0AABIBI,Ascorbic Acid_Cap 500mg,Cap,
0906031C0AAAUAU,Ascorbic Acid_Tab Eff 500mg,Tab Eff,0906031C0AABIBI,Ascorbic Acid_Cap 500mg,Cap,
0906031C0AABABA,Ascorbic Acid_Cap 500mg M/R,Cap,0906031C0AABJBJ,Ascorbic Acid_Tab 500mg M/R,Tab,Y
0906031C0AABJBJ,Ascorbic Acid_Tab 500mg M/R,Tab,0906031C0AABABA,Ascorbic Acid_Cap 500mg M/R,Cap,Y
0906040G0AAANAN,Colecal_Cap 800u,Cap,0906040G0AACSCS,Colecal_Tab 800u,Tab,Y
0906040G0AAATAT,"Colecal_Oral Susp 10,000u/5ml",Oral Susp,0906040G0AACUCU,"Colecal_Oral Soln 10,000u/5ml",Oral Soln,Y
0906040G0AABABA,"Colecal_Cap 2,000u",Cap,0906040G0AADBDB,"Colecal_Tab 2,000u",Tab,Y
0906040G0AABGBG,"Colecal_Tab 1,000u",Tab,0906040G0AABHBH,"Colecal_Cap 1,000u",Cap,Y
0906040G0AABHBH,"Colecal_Cap 1,000u",Cap,0906040G0AABGBG,"Colecal_Tab 1,000u",Tab,Y
0906040G0AABIBI,Colecal_Cap 400u,Cap,0906040G0AAELEL,Colecal_Tab 400u,Tab,Y
0906040G0AABNBN,"Colecal_Oral Soln 5,000u/5ml",Oral Soln,0906040G0AAAXAX,"Colecal_Oral Susp 5,000u/5ml",Oral Susp,
0906040G0AAELEL,Colecal_Tab 400u,Tab,0906040G0AABIBI,Colecal_Cap 400u,Cap,Y
0906040G0AABSBS,Colecal & Calc_Tab 400u/1.5g,Tab,0906040G0AABYBY,Colecal & Calc_Tab Chble 400u/1.5g,Tab Chble,Y
0906040G0AABWBW,Colecal & Calc_Tab Chble 400u/1.25g,Tab Chble,0906040G0AACCCC,Colecal & Calc_Tab 400u/1.25g,Tab,Y
0906040G0AABYBY,Colecal & Calc_Tab Chble 400u/1.5g,Tab Chble,0906040G0AABSBS,Colecal & Calc_Tab 400u/1.5g,Tab,Y
0906040G0AABYBY,Colecal & Calc_Tab Chble 400u/1.5g (Lem),Tab Chble,0906040G0AACBCB,Colecal & Calc_Tab Eff 400u/1.5g (Lem),Tab Eff,Y
0906040G0AACBCB,Colecal & Calc_Tab Eff 400u/1.5g (Lem),Tab Eff,0906040G0AABYBY,Colecal & Calc_Tab Chble 400u/1.5g (Lem),Tab Chble,Y
0906040G0AACCCC,Colecal & Calc_Tab 400u/1.25g,Tab,0906040G0AABWBW,Colecal & Calc_Tab Chble 400u/1.25g,Tab Chble,Y
0906040G0AABYBY,Colecal & Calc_Tab Chble 400u/1.5g,Tab Chble,0906040G0AABSBS,Colecal & Calc_Tab 400u/1.5g,Tab,Y
0906040G0AACLCL,"Colecal_Oral Dps 20,000u/ml",Oral Dps,0906040G0AADGDG,"Colecal_Oral Soln 20,000u/ml",Oral Soln,N
0906040G0AACSCS,Colecal_Tab 800u,Tab,0906040G0AAANAN,Colecal_Cap 800u,Cap,Y
0906040G0AACUCU,"Colecal_Oral Soln 10,000u/5ml",Oral Soln,0906040G0AAATAT,"Colecal_Oral Susp 10,000u/5ml",Oral Susp,Y
0906040G0AACWCW,Colecal & Calc_Tab 800u/1.25g,Tab,0906040N0AAEXEX,Colecal & Calc_Tab Chble 800u/1.25g,Tab Chble,Y
0906040G0AADBDB,"Colecal_Tab 2,000u",Tab,0906040G0AABABA,"Colecal_Cap 2,000u",Cap,Y
0906040G0AADGDG,"Colecal_Oral Soln 20,000u/ml",Oral Soln,0906040G0AACLCL,"Colecal_Oral Dps 20,000u/ml",Oral Dps,N
0906040N0AADCDC,"Ergocalciferol_Oral Susp 1,000u/5ml",Oral Susp,0906040N0AAFGFG,"Ergocalciferol_Oral Soln 1,000u/5ml",Oral Soln,Y
0906040N0AADLDL,"Ergocalciferol_Liq Spec 10,000u/5ml",Liq Spec,0906040N0AAFIFI,"Ergocalciferol_Oral Soln 10,000u/5ml",Oral Soln,Y
0906040N0AAEIEI,"Ergocalciferol_Oral Susp 6,000u/5ml",Oral Susp,0906040N0AAFJFJ,"Ergocalciferol_Oral Soln 6,000u/5ml",Oral Soln,Y
0906040N0AAEXEX,Colecal & Calc_Tab Chble 800u/1.25g,Tab Chble,0906040G0AACWCW,Colecal & Calc_Tab 800u/1.25g,Tab,Y
0906040N0AAFGFG,"Ergocalciferol_Oral Soln 1,000u/5ml",Oral Soln,0906040N0AADCDC,"Ergocalciferol_Oral Susp 1,000u/5ml",Oral Susp,Y
0906040N0AAFIFI,"Ergocalciferol_Oral Soln 10,000u/5ml",Oral Soln,0906040N0AADLDL,"Ergocalciferol_Liq Spec 10,000u/5ml",Liq Spec,Y
0906040N0AAFJFJ,"Ergocalciferol_Oral Soln 6,000u/5ml",Oral Soln,0906040N0AAEIEI,"Ergocalciferol_Oral Susp 6,000u/5ml",Oral Susp,Y
0906040N0AAFKFK,"Ergocalciferol_Oral Soln 100,000u/5ml",Oral Soln,0906040N0AADDDD,"Ergocalciferol_Oral Susp 100,000u/5ml",Oral Susp,
0906060L0AAAGAG,Menadiol Sod Phos_Oral Soln 5mg/5ml,Oral Soln,0906060L0AAAPAP,Menadiol Sod Phos_Oral Susp 5mg/5ml,Oral Susp,Y
0906060L0AAAPAP,Menadiol Sod Phos_Oral Susp 5mg/5ml,Oral Susp,0906060L0AAAGAG,Menadiol Sod Phos_Oral Soln 5mg/5ml,Oral Soln,Y
0906060Q0AAACAC,Phytomenadione_Tab 10mg,Tab,0906060Q0AABCBC,Phytomenadione_Cap 10mg,Cap,Y
0906060Q0AABCBC,Phytomenadione_Cap 10mg,Cap,0906060Q0AAACAC,Phytomenadione_Tab 10mg,Tab,Y
0908010N0AAABAB,Sod Benz_Cap 500mg,Cap,0908010N0AAAXAX,Sod Benz_Tab 500mg,Tab,Y
0908010N0AAAXAX,Sod Benz_Tab 500mg,Tab,0908010N0AAABAB,Sod Benz_Cap 500mg,Cap,Y
0908010P0AAACAC,Sod Phenylbut_Cap 500mg,Cap,0908010P0AAAGAG,Sod Phenylbut_Tab 500mg,Tab,Y
0908010P0AAAGAG,Sod Phenylbut_Tab 500mg,Tab,0908010P0AAACAC,Sod Phenylbut_Cap 500mg,Cap,Y
091101000AADQDQ,Arginine_Tab 500mg,Tab,091101000AACSCS,Arginine_Cap 500mg,Cap,Y
091101000AAERER,Glycine_Pdrs 1g,Pdrs,091101000AAFBFB,Glycine_Pdr Sach 1g,Pdr Sach,N
091101000AAFBFB,Glycine_Pdr Sach 1g,Pdr Sach,091101000AAERER,Glycine_Pdrs 1g,Pdrs,N
091102000AAAIAI,Ubidecarenone_Cap 30mg,Cap,091102000AABMBM,Ubidecarenone_Tab 30mg,Tab,Y
091102000AABMBM,Ubidecarenone_Tab 30mg,Tab,091102000AAAIAI,Ubidecarenone_Cap 30mg,Cap,Y
091200000AADGDG,Glucosamine Sulf_Tab 500mg,Tab,091200000AADJDJ,Glucosamine Sulf_Cap 500mg,Cap,Y
091200000AADJDJ,Glucosamine Sulf_Cap 500mg,Cap,091200000AADGDG,Glucosamine Sulf_Tab 500mg,Tab,Y
091200000AAEEEE,Glucosamine + Chond_Cap 400mg/100mg,Cap,091200000AAELEL,Glucosamine + Chond_Tab 400mg/100mg,Tab,Y
091200000AAELEL,Glucosamine + Chond_Tab 400mg/100mg,Tab,091200000AAEEEE,Glucosamine + Chond_Cap 400mg/100mg,Cap,Y
1001010ADAAACAC,Ibuprofen Lysine_Tab 400mg,Tab,1001010ADAAADAD,Ibuprofen Lysine_Sach 400mg,Sach,
1001010C0AAADAD,Diclofenac Sod_Tab E/C 25mg,Tab E/C,1001010C0AAATAT,Diclofenac Sod_Suppos 25mg,Suppos,Y
1001010C0AAAEAE,Diclofenac Sod_Tab E/C 50mg,Tab E/C,1001010C0AAAUAU,Diclofenac Sod_Suppos 50mg,Suppos,Y
1001010C0AAAFAF,Diclofenac Sod_Tab 100mg M/R,Tab,1001010C0AAANAN,Diclofenac Sod_Cap 100mg M/R,Cap,Y
1001010C0AAALAL,Diclofenac Sod_Tab 75mg M/R,Tab,1001010C0AAAWAW,Diclofenac Sod_Cap 75mg M/R,Cap,Y
1001010C0AAANAN,Diclofenac Sod_Cap 100mg M/R,Cap,1001010C0AAAFAF,Diclofenac Sod_Tab 100mg M/R,Tab,Y
1001010C0AAATAT,Diclofenac Sod_Suppos 25mg,Suppos,1001010C0AAADAD,Diclofenac Sod_Tab E/C 25mg,Tab E/C,N
1001010C0AAAUAU,Diclofenac Sod_Suppos 50mg,Suppos,1001010C0AAAEAE,Diclofenac Sod_Tab E/C 50mg,Tab E/C,N
1001010C0AAAWAW,Diclofenac Sod_Cap 75mg M/R,Cap,1001010C0AAALAL,Diclofenac Sod_Tab 75mg M/R,Tab,Y
1001010J0AAADAD,Ibuprofen_Tab 200mg,Tab,1001010J0AAAAAA,Ibuprofen_Cap 200mg,Cap,Y
1001010J0AAAEAE,Ibuprofen_Tab 400mg,Tab,1001010J0AAAUAU,Ibuprofen_Cap 400mg,Cap,Y
1001010J0AAAFAF,Ibuprofen_Tab 600mg,Tab,1001010J0AAANAN,Ibuprofen_Gran Eff Sach 600mg,Gran Eff Sach,Y
1001010J0AAANAN,Ibuprofen_Gran Eff Sach 600mg,Gran Eff Sach,1001010J0AAAFAF,Ibuprofen_Tab 600mg,Tab,N
1001010J0AABNBN,Ibuprofen_Orodisper Tab 200mg,Orodisper Tab,1001010J0AAAAAA,Ibuprofen_Cap 200mg,Cap,Y
1001010P0AAADAD,Naproxen_Tab 250mg,Tab,1001010P0AAAHAH,Naproxen_Tab E/C 250mg,Tab E/C,Y
1001010P0AAAHAH,Naproxen_Tab E/C 250mg,Tab E/C,1001010P0AAADAD,Naproxen_Tab 250mg,Tab,Y
1001010P0AAARAR,Naproxen_Liq Spec 125mg/5ml,Liq Spec,1001010P0AAARAR,Naproxen_Oral Susp 125mg/5ml,Oral Susp,
1001010R0AAAAAA,Piroxicam_Cap 10mg,Cap,1001010R0AAADAD,Piroxicam_Tab Disper 10mg,Tab Disper,
1001010R0AAAEAE,Piroxicam_Tab Disper 20mg,Tab Disper,1001010R0AAABAB,Piroxicam_Cap 20mg,Cap,N
1001040C0AAALAL,Allopurinol_Oral Soln 300mg/5ml,Oral Soln,1001040C0AAAXAX,Allopurinol_Oral Susp 300mg/5ml,Oral Susp,Y
1001040C0AAAXAX,Allopurinol_Oral Soln 300mg/5ml,Oral Soln,1001040C0AAAXAX,Allopurinol_Oral Susp 300mg/5ml,Oral Susp,Y
1001040C0AAAPAP,Allopurinol_Oral Soln 100mg/5ml,Oral Soln,1001040C0AAAWAW,Allopurinol_Oral Susp 100mg/5ml,Oral Susp,Y
1001040C0AAAWAW,Allopurinol_Oral Susp 100mg/5ml,Oral Susp,1001040C0AAAPAP,Allopurinol_Oral Soln 100mg/5ml,Oral Soln,Y
1001040C0AAAXAX,Allopurinol_Oral Susp 300mg/5ml,Oral Susp,1001040C0AAALAL,Allopurinol_Oral Soln 300mg/5ml,Oral Soln,Y
1001040C0AAAXAX,Allopurinol_Oral Susp 300mg/5ml,Oral Susp,1001040C0AAAXAX,Allopurinol_Oral Soln 300mg/5ml,Oral Soln,Y
1001050A0AAABAB,Glucosamine HCl_Tab 750mg,Tab,1001050A0AAAMAM,Glucosamine HCl_Cap 750mg,Cap,
1001050A0AAACAC,Glucosamine HCl_Tab Chble 1.5g,Tab Chble,1001050A0AAAHAH,Glucosamine HCl_Tab 1.5g,Tab,Y
1001050A0AAAHAH,Glucosamine HCl_Tab 1.5g,Tab,1001050A0AAACAC,Glucosamine HCl_Tab Chble 1.5g,Tab Chble,Y
1002010Q0AABFBF,Pyridostig Brom_Liq Spec 60mg/5ml,Liq Spec,1002010Q0AABFBF,Pyridostig Brom_Oral Soln 60mg/5ml,Oral Soln,
1002010Q0AABIBI,Pyridostig Brom_Liq Spec 60mg/5ml,Liq Spec,1002010Q0AABFBF,Pyridostig Brom_Oral Soln 60mg/5ml,Oral Soln,
1002010Q0AAANAN,Pyridostig Brom_Oral Soln 30mg/5ml,Oral Soln,1002010Q0AABHBH,Pyridostig Brom_Oral Susp 30mg/5ml,Oral Susp,Y
1002010Q0AABHBH,Pyridostig Brom_Oral Soln 30mg/5ml,Oral Soln,1002010Q0AABHBH,Pyridostig Brom_Oral Susp 30mg/5ml,Oral Susp,Y
1002010Q0AABGBG,Pyridostig Brom_Oral Susp 20mg/5ml,Oral Susp,1002010Q0AAAMAM,Pyridostig Brom_Oral Soln 20mg/5ml,Oral Soln,
1002010Q0AABHBH,Pyridostig Brom_Oral Susp 30mg/5ml,Oral Susp,1002010Q0AAANAN,Pyridostig Brom_Oral Soln 30mg/5ml,Oral Soln,Y
1002010Q0AABHBH,Pyridostig Brom_Oral Susp 30mg/5ml,Oral Susp,1002010Q0AABHBH,Pyridostig Brom_Oral Soln 30mg/5ml,Oral Soln,Y
1002020J0AABIBI,Dantrolene Sod_Oral Soln 100mg/5ml,Oral Soln,1002020J0AABQBQ,Dantrolene Sod_Oral Susp 100mg/5ml,Oral Susp,Y
1002020J0AABQBQ,Dantrolene Sod_Oral Soln 100mg/5ml,Oral Soln,1002020J0AABQBQ,Dantrolene Sod_Oral Susp 100mg/5ml,Oral Susp,Y
1002020J0AABQBQ,Dantrolene Sod_Oral Susp 100mg/5ml,Oral Susp,1002020J0AABIBI,Dantrolene Sod_Oral Soln 100mg/5ml,Oral Soln,Y
1002020J0AABQBQ,Dantrolene Sod_Oral Susp 100mg/5ml,Oral Susp,1002020J0AABQBQ,Dantrolene Sod_Oral Soln 100mg/5ml,Oral Soln,Y
1002020J0AABRBR,Dantrolene Sod_Oral Susp 10mg/5ml,Oral Susp,1002020J0AAAXAX,Dantrolene Sod_Oral Soln 10mg/5ml,Oral Soln,
100302040AAAAAA,Dimethyl Sulfox_Crm 50%,Crm,0704040F0AAAAAA,Dimethyl Sulfox_Ster Soln 50%,Ster Soln,
1003020P0AAAAAA,Ibuprofen_Crm 5%,Crm,1003020P0AAACAC,Ibuprofen_Gel 5%,Gel,Y
1003020P0AAACAC,Ibuprofen_Gel 5%,Gel,1003020P0AAAAAA,Ibuprofen_Crm 5%,Crm,Y
1003020W0AAAAAA,Salicylic Acid/Mucopolysac_Gel 2%/0.2%,Gel,1003020W0AAABAB,Salicylic Acid/Mucopolysac_Crm 2%/0.2%,Crm,Y
1003020W0AAABAB,Salicylic Acid/Mucopolysac_Crm 2%/0.2%,Crm,1003020W0AAAAAA,Salicylic Acid/Mucopolysac_Gel 2%/0.2%,Gel,Y
1103010B0AAAAAA,Ciprofloxacin_Eye Dps 0.3%,Eye Dps,1201010ACAAAAAA,Ciprofloxacin_Ear Dps 0.3%,Ear Dps,N
1103010E0AAAAAA,Dibromprop Iset_Eye Oint 0.15%,Eye Oint,1310050K0AAAAAA,Dibromprop Iset_Crm 0.15%,Crm,N
1103010Y0AAAAAA,Ofloxacin_Eye Dps 0.3%,Eye Dps,1201010ABAAAAAA,Ofloxacin_Ear Dps 0.3%,Ear Dps,N
1104010S0AABLBL,Prednisolone Sod Phos_Eye Dps 0.1%,Eye Dps,1104010S0AABHBH,Prednisolone Sod Phos_Ear Dps 0.1%,Ear Dps,
1104010S0AABMBM,Prednisolone Sod Phos_Eye Dps 0.3%,Eye Dps,1104010S0AABIBI,Prednisolone Sod Phos_Ear Dps 0.3%,Ear Dps,
1104020T0AAAAAA,Sod Cromoglicate_Eye Dps Aq 2%,Eye Dps Aq,1202010P0AAAHAH,Sod Cromoglicate_Aq Nsl Spy 2%,Aq Nsl Spy,
1105000B0AAAEAE,Atrop Sulf_Eye Dps 1%,Eye Dps,1105000B0AAAHAH,Atrop Sulf_Eye Oint 1%,Eye Oint,N
1105000B0AAAHAH,Atrop Sulf_Eye Oint 1%,Eye Oint,1105000B0AAAEAE,Atrop Sulf_Eye Dps 1%,Eye Dps,N
1106000B0AABQBQ,Acetazolamide_Oral Susp 250mg/5ml,Oral Susp,1106000B0AAATAT,Acetazolamide_Oral Soln 250mg/5ml,Oral Soln,
1106000X0AAAEAE,Piloc HCl_Eye Dps 4%,Eye Dps,1106000X0AABDBD,Piloc HCl_Eye Gel 4%,Eye Gel,
1106000Z0AAAAAA,Timolol_Eye Dps 0.25%,Eye Dps,1106000Z0AAAPAP,Timolol_Gel Eye Dps 0.25%,Gel Eye Dps,N
1106000Z0AAABAB,Timolol_Eye Dps 0.5%,Eye Dps,1106000Z0AAAQAQ,Timolol_Gel Eye Dps 0.5%,Gel Eye Dps,N
1106000Z0AAAPAP,Timolol_Gel Eye Dps 0.25%,Gel Eye Dps,1106000Z0AAAAAA,Timolol_Eye Dps 0.25%,Eye Dps,N
1106000Z0AAAQAQ,Timolol_Gel Eye Dps 0.5%,Gel Eye Dps,1106000Z0AAABAB,Timolol_Eye Dps 0.5%,Eye Dps,N
1108010AAAAAIAI,Ciclosporin_Eye Oint 2%,Eye Oint,1108010AAAAAAAA,Ciclosporin_Eye Dps 2%,Eye Dps,
1108010K0AAAJAJ,Sod Chlor_Eye Oint 0.5%,Eye Oint,1108010K0AAAWAW,Sod Chlor_Eye Dps 0.5%,Eye Dps,N
1108010K0AAAWAW,Sod Chlor_Eye Dps 0.5%,Eye Dps,1108010K0AAAJAJ,Sod Chlor_Eye Oint 0.5%,Eye Oint,N
1108010K0AACFCF,Sod Chlor_Eye Oint 5%,Eye Oint,1108010K0AAABAB,Sod Chlor_Eye Dps 5%,Eye Dps,
1201010ABAAAAAA,Ofloxacin_Ear Dps 0.3%,Ear Dps,1103010Y0AAAAAA,Ofloxacin_Eye Dps 0.3%,Eye Dps,N
1201010ACAAAAAA,Ciprofloxacin_Ear Dps 0.3%,Ear Dps,1103010B0AAAAAA,Ciprofloxacin_Eye Dps 0.3%,Eye Dps,N
1202010C0AAAAAA,Beclomet Diprop_Nsl Spy 50mcg (200 D),Nsl Spy,0302000C0AAASAS,Beclomet Diprop_Inha B/A 50mcg (200 D),Inha B/A,
1202030R0AAAAAA,Mupirocin_Nsl Oint 2%,Nsl Oint,1310011M0AAABAB,Mupirocin_Crm 2%,Crm,N
1302010U0AAASAS,Urea_Shampoo 5%,Shampoo,1302010U0AAAKAK,Urea_Crm 5%,Crm,N
1302010U0AAAWAW,Urea_Scalp Applic 5%,Scalp Applic,1302010U0AAAKAK,Urea_Crm 5%,Crm,N
1303000I0AAAAAA,Crotamiton_Crm 10%,Crm,1303000I0AAABAB,Crotamiton_Lot 10%,Lot,N
1303000I0AAABAB,Crotamiton_Lot 10%,Lot,1303000I0AAAAAA,Crotamiton_Crm 10%,Crm,N
1304000B0AAAAAA,Alclometasone Diprop_Crm 0.05%,Crm,1304000B0AABABA,Alclometasone Diprop_Oint 0.05%,Oint,
1304000C0AAAAAA,Beclomet Diprop_Crm 0.025%,Crm,1304000C0AABABA,Beclomet Diprop_Oint 0.025%,Oint,Y
1304000C0AABABA,Beclomet Diprop_Oint 0.025%,Oint,1304000C0AAAAAA,Beclomet Diprop_Crm 0.025%,Crm,Y
1304000D0AAAAAA,Betameth Diprop_Crm 0.05%,Crm,1304000D0AABABA,Betameth Diprop_Oint 0.05%,Oint,Y
1304000D0AABABA,Betameth Diprop_Oint 0.05%,Oint,1304000D0AAAAAA,Betameth Diprop_Crm 0.05%,Crm,Y
1304000D0AABCBC,Betameth Diprop_Scalp Lot 0.05%,Scalp Lot,1304000D0AAAAAA,Betameth Diprop_Crm 0.05%,Crm,N
1304000F0AAAAAA,Betameth Val_Crm 0.1%,Crm,1304000F0AABCBC,Betameth Val_Lot 0.1%,Lot,N
1304000F0AAABAB,Betameth Val_Crm 0.025% (1 in 4),Crm,1304000F0AABBBB,Betameth Val_Oint 0.025% (1 in 4),Oint,Y
1304000F0AABABA,Betameth Val_Oint 0.1%,Oint,1304000F0AAAAAA,Betameth Val_Crm 0.1%,Crm,Y
1304000F0AABBBB,Betameth Val_Oint 0.025% (1 in 4),Oint,1304000F0AAABAB,Betameth Val_Crm 0.025% (1 in 4),Crm,Y
1304000F0AABCBC,Betameth Val_Lot 0.1%,Lot,1304000F0AAAAAA,Betameth Val_Crm 0.1%,Crm,Y
1304000F0AABDBD,Betameth Val_Scalp Applic 0.1%,Scalp Applic,1304000F0AAAAAA,Betameth Val_Crm 0.1%,Crm,N
1304000F0AACACA,Betameth Val/Clioquinol_Crm 0.1%/3%,Crm,1304000F0AACDCD,Betameth Val/Clioquinol_Oint 0.1%/3%,Oint,Y
1304000F0AACDCD,Betameth Val/Clioquinol_Oint 0.1%/3%,Oint,1304000F0AACACA,Betameth Val/Clioquinol_Crm 0.1%/3%,Crm,Y
1304000G0AAAAAA,Clobetasol Prop_Crm 0.05%,Crm,1304000G0AABABA,Clobetasol Prop_Oint 0.05%,Oint,Y
1304000G0AABABA,Clobetasol Prop_Oint 0.05%,Oint,1304000G0AAAAAA,Clobetasol Prop_Crm 0.05%,Crm,Y
1304000G0AABBBB,Clobetasol Prop_Scalp Applic 0.05%,Scalp Applic,1304000G0AAAAAA,Clobetasol Prop_Crm 0.05%,Crm,N
1304000H0AAAAAA,Clobet But_Crm 0.05%,Crm,1304000H0AABABA,Clobet But_Oint 0.05%,Oint,Y
1304000H0AABABA,Clobet But_Oint 0.05%,Oint,1304000H0AAAAAA,Clobet But_Crm 0.05%,Crm,Y
1304000L0AAABAB,Diflucortolone Val_Oily Crm 0.1%,Oily Crm,1304000L0AAAAAA,Diflucortolone Val_Crm 0.1%,Crm,Y
1304000L0AABBBB,Diflucortolone Val_Oint 0.1%,Oint,1304000L0AAAAAA,Diflucortolone Val_Crm 0.1%,Crm,Y
1304000N0AAABAB,Fluocinolone Aceton_Crm 0.025%,Crm,1304000N0AABDBD,Fluocinolone Aceton_Gel 0.025%,Gel,Y
1304000N0AAADAD,Fluocinolone Aceton_Crm 0.00625%,Crm,1304000N0AABCBC,Fluocinolone Aceton_Oint 0.00625%,Oint,Y
1304000N0AABBBB,Fluocinolone Aceton_Oint 0.025%,Oint,1304000N0AAABAB,Fluocinolone Aceton_Crm 0.025%,Crm,Y
1304000N0AABCBC,Fluocinolone Aceton_Oint 0.00625%,Oint,1304000N0AAADAD,Fluocinolone Aceton_Crm 0.00625%,Crm,Y
1304000N0AABDBD,Fluocinolone Aceton_Gel 0.025%,Gel,1304000N0AAABAB,Fluocinolone Aceton_Crm 0.025%,Crm,Y
1304000N0AACACA,Fluocinolone/Clioquinol_Crm 0.025%/3%,Crm,1304000N0AACCCC,Fluocinolone/Clioquinol_Oint 0.025%/3%,Oint,Y
1304000N0AACBCB,Fluocinolone/Neomycin_Crm 0.025%/0.5%,Crm,1304000N0AACDCD,Fluocinolone/Neomycin_Oint 0.025%/0.5%,Oint,Y
1304000N0AACCCC,Fluocinolone/Clioquinol_Oint 0.025%/3%,Oint,1304000N0AACACA,Fluocinolone/Clioquinol_Crm 0.025%/3%,Crm,Y
1304000N0AACDCD,Fluocinolone/Neomycin_Oint 0.025%/0.5%,Oint,1304000N0AACBCB,Fluocinolone/Neomycin_Crm 0.025%/0.5%,Crm,Y
1304000P0AAAAAA,Fluocinonide_Crm 0.05%,Crm,1304000P0AABABA,Fluocinonide_Oint 0.05%,Oint,Y
1304000P0AABABA,Fluocinonide_Oint 0.05%,Oint,1304000P0AAAAAA,Fluocinonide_Crm 0.05%,Crm,Y
1304000T0AAAAAA,Fludroxycortide_Crm 0.0125%,Crm,1304000T0AABABA,Fludroxycortide_Oint 0.0125%,Oint,Y
1304000T0AABABA,Fludroxycortide_Oint 0.0125%,Oint,1304000T0AAAAAA,Fludroxycortide_Crm 0.0125%,Crm,Y
1304000V0AAAFAF,Hydrocort_Crm 2.5%,Crm,1104010M0AAAEAE,Hydrocort_Eye Oint 2.5%,Eye Oint,
1304000V0AABBBB,Hydrocort_Oint 0.5%,Oint,1304000V0AAACAC,Hydrocort_Crm 0.5%,Crm,Y
1304000V0AABCBC,Hydrocort_Oint 1%,Oint,1304000V0AAADAD,Hydrocort_Crm 1%,Crm,Y
1304000V0AABDBD,Hydrocort_Oint 2.5%,Oint,1304000V0AAAFAF,Hydrocort_Crm 2.5%,Crm,Y
1304000V0AACHCH,Hydrocort/Miconazole Nit_Crm 1%/2%,Crm,1304000V0AACSCS,Hydrocort/Miconazole Nit_Oint 1%/2%,Oint,Y
1304000V0AACSCS,Hydrocort/Miconazole Nit_Oint 1%/2%,Oint,1304000V0AACHCH,Hydrocort/Miconazole Nit_Crm 1%/2%,Crm,Y
1304000W0AABABA,Hydrocort But_Oint 0.1%,Oint,1304000W0AAAAAA,Hydrocort But_Crm 0.1%,Crm,Y
1304000W0AABBBB,Hydrocort But_Scalp Lot 0.1%,Scalp Lot,1304000W0AAAAAA,Hydrocort But_Crm 0.1%,Crm,N
1304000W0AABDBD,Hydrocort But_Emuls 0.1%,Emuls,1304000W0AAAAAA,Hydrocort But_Crm 0.1%,Crm,Y
1304000X0AABABA,Hydrocort Acet_Oint 1%,Oint,1304000X0AAAAAA,Hydrocort Acet_Crm 1%,Crm,Y
1304000Y0AAAAAA,Mometasone Fur_Crm 0.1%,Crm,1304000Y0AABABA,Mometasone Fur_Oint 0.1%,Oint,Y
1304000Y0AABABA,Mometasone Fur_Oint 0.1%,Oint,1304000Y0AAAAAA,Mometasone Fur_Crm 0.1%,Crm,Y
1304000Y0AABBBB,Mometasone Fur_Scalp Lot 0.1%,Scalp Lot,1304000Y0AAAAAA,Mometasone Fur_Crm 0.1%,Crm,N
1305020D0AAAAAA,Calcipotriol_Oint 50mcg/1g,Oint,1305020D0AAABAB,Calcipotriol_Crm 50mcg/1g,Crm,Y
1305020D0AAABAB,Calcipotriol_Crm 50mcg/1g,Crm,1305020D0AAAAAA,Calcipotriol_Oint 50mcg/1g,Oint,Y
1305020D0AAAFAF,Calcipotriol/Betameth_Oint 0.005%/0.05%,Oint,1305020D0AAAGAG,Calcipotriol/Betameth_Gel 0.005%/0.05%,Gel,Y
1305020D0AAAGAG,Calcipotriol/Betameth_Gel 0.005%/0.05%,Gel,1305020D0AAAFAF,Calcipotriol/Betameth_Oint 0.005%/0.05%,Oint,Y
1305020R0AAAAAA,Tacalcitol_Oint 4mcg/1g,Oint,1305020R0AAABAB,Tacalcitol_Lot 4mcg/1g,Lot,Y
1305020R0AAABAB,Tacalcitol_Lot 4mcg/1g,Lot,1305020R0AAAAAA,Tacalcitol_Oint 4mcg/1g,Oint,Y
1306010C0AAAAAA,Benzoyl Per_Gel 2.5%,Gel,1306010C0AAAZAZ,Benzoyl Per_Crm 2.5%,Crm,
1306010C0AAABAB,Benzoyl Per_Gel 5%,Gel,1306010C0AAADAD,Benzoyl Per_Crm 5%,Crm,Y
1306010C0AAACAC,Benzoyl Per_Gel 10%,Gel,1306010C0AAAJAJ,Benzoyl Per_A-Bact Skin Wsh 10%,A-Bact Skin Wsh,Y
1306010C0AAADAD,Benzoyl Per_Crm 5%,Crm,1306010C0AAABAB,Benzoyl Per_Gel 5%,Gel,Y
1306010F0AAABAB,Clindamycin Phos_Lot 1%,Lot,1306010F0AAADAD,Clindamycin Phos_Gel 1%,Gel,N
1306010F0AAADAD,Clindamycin Phos_Gel 1%,Gel,1306010F0AAABAB,Clindamycin Phos_Lot 1%,Lot,N
1306010H0AAAAAA,Adapalene_Gel 0.1%,Gel,1306010H0AAABAB,Adapalene_Crm 0.1%,Crm,Y
1306010H0AAABAB,Adapalene_Crm 0.1%,Crm,1306010H0AAAAAA,Adapalene_Gel 0.1%,Gel,N
1309000H0AAAAAA,Minoxidil_Soln 2%,Soln,1309000H0AAAKAK,Minoxidil_Gel 2%,Gel,Y
1309000I0AAAAAA,Ketoconazole_Shampoo 2%,Shampoo,1310020L0AAAAAA,Ketoconazole_Crm 2%,Crm,N
1310011M0AAAAAA,Mupirocin_Oint 2%,Oint,1310011M0AAABAB,Mupirocin_Crm 2%,Crm,N
1310011M0AAABAB,Mupirocin_Crm 2%,Crm,1202030R0AAAAAA,Mupirocin_Nsl Oint 2%,Nsl Oint,N
1310012K0AAARAR,Metronidazole_Gel 0.75%,Gel,1310012K0AAAXAX,Metronidazole_Crm 0.75%,Crm,N
1310012K0AAAXAX,Metronidazole_Crm 0.75%,Crm,1310012K0AAARAR,Metronidazole_Gel 0.75%,Gel,Y
131002030AAAAAA,Terbinafine HCl_Crm 1%,Crm,131002030AAACAC,Terbinafine HCl_Gel 1%,Gel,Y
131002030AAACAC,Terbinafine HCl_Gel 1%,Gel,131002030AAAAAA,Terbinafine HCl_Crm 1%,Crm,Y
131002030AAADAD,Terbinafine HCl_Soln 1%,Soln,131002030AAAAAA,Terbinafine HCl_Crm 1%,Crm,Y
1310020H0AAAAAA,Clotrimazole_Soln 1%,Soln,1310020H0AAABAB,Clotrimazole_Crm 1%,Crm,Y
1310020L0AAAAAA,Ketoconazole_Crm 2%,Crm,1309000I0AAAAAA,Ketoconazole_Shampoo 2%,Shampoo,N
1310020N0AAAAAA,Miconazole Nit_Crm 2%,Crm,1310020N0AAABAB,Miconazole Nit_Dust Pdr 2%,Dust Pdr,N
1310020Y0AAABAB,Tolnaftate_Dust Pdr 1%,Dust Pdr,1310020Y0AAAAAA,Tolnaftate_Crm 1%,Crm,
1310040M0AAACAC,Malathion_Alcoholic Lot 0.5%,Alcoholic Lot,1310040M0AAADAD,Malathion_Aq Lot 0.5%,Aq Lot,Y
1310040M0AAADAD,Malathion_Aq Lot 0.5%,Aq Lot,1310040M0AAACAC,Malathion_Alcoholic Lot 0.5%,Alcoholic Lot,Y
1310050J0AAAAAA,Chlorhex Glucon_Clr Gel 0.5%,Clr Gel,1311020L0AAALAL,Chlorhex Glucon_Soln 0.5%,Soln,N
1310050K0AAAAAA,Dibromprop Iset_Crm 0.15%,Crm,1103010E0AAAAAA,Dibromprop Iset_Eye Oint 0.15%,Eye Oint,N
1311010S0AAADAD,Sod Chlor_Soln 0.9%,Soln,1108010K0AAAAAA,Sod Chlor_Eye Dps 0.9%,Eye Dps,Y
1311020L0AAAFAF,Chlorhex Glucon_Crm 1%,Crm,1311020L0AAAFAF,Chlorhex Glucon_Emollient/Crm 1%,Emollient/Crm,Y
1311020L0AAALAL,Chlorhex Glucon_Soln 0.5%,Soln,1310050J0AAAAAA,Chlorhex Glucon_Clr Gel 0.5%,Clr Gel,N
1311040K0AAATAT,Povidone-Iodine_Soln 10%,Soln,1311040K0AAAFAF,Povidone-Iodine_Alcoholic Soln 10%,Alcoholic Soln,N
1312000G0AAAUAU,Glycopyrronium Brom_Aq Crm 2%,Aq Crm,1312000G0AAANAN,Glycopyrronium Brom_Crm 2%,Crm,
1312000G0AABCBC,Glycopyrronium Brom_Top Soln 0.05%,Top Soln,1312000G0AAAYAY,Glycopyrronium Brom_Crm 0.05%,Crm,
1314000H0AAAAAA,Heparinoid_Crm 0.3%,Crm,1314000H0AAABAB,Heparinoid_Gel 0.3%,Gel,Y
1314000H0AAABAB,Heparinoid_Gel 0.3%,Gel,1314000H0AAAAAA,Heparinoid_Crm 0.3%,Crm,Y
1404000N0AAAAAA,Rabies_Vac Inact (HDC) 1ml Vl + Dil,Vac Inact (HDC),1404000N0AAABAB,Rabies_Vac Inact (PCEC) 1ml Vl + Dil,Vac Inact (PCEC),N
1404000N0AAABAB,Rabies_Vac Inact (PCEC) 1ml Vl + Dil,Vac Inact (PCEC),1404000N0AAAAAA,Rabies_Vac Inact (HDC) 1ml Vl + Dil,Vac Inact (HDC),N
1502010I0AAAEAE,Lido_Oint 5%,Oint,1502010J0AAELEL,Lido_Medic Plastr 5%,Medic Plastr,N
1502010J0AAELEL,Lido_Medic Plastr 5%,Medic Plastr,1502010I0AAAEAE,Lido_Oint 5%,Oint,N
190601000AAAKAK,Peppermint_Water Conc BP 1973,Water Conc BP,190601000AAALAL,Peppermint_Water BP 1973,Water BP,N
190601000AAALAL,Peppermint_Water BP 1973,Water BP,190601000AAAKAK,Peppermint_Water Conc BP 1973,Water Conc BP,N
0301020Q0AAABAB,Tiotropium_Pdr For Inh Cap 18mcg,Pdr For Inh Cap 18mcg,0301020Q0AAADAD,Tiotropium_Pdr For Inh Cap 10mcg + Dev,Pdr For Inh Cap 10mcg,Y
0301020Q0AAAAAA,Tiotropium_Pdr For Inh Cap 18mcg + Dev,Pdr For Inh Cap 18mcg,0301020Q0AAADAD,Tiotropium_Pdr For Inh Cap 10mcg + Dev,Pdr For Inh Cap 10mcg,Y
