"00C","NHS DARLINGTON CCG","Y54","Q74","DR PIPER HOUSE","KING STREET","","DARLINGTON","COUNTY DURHAM","DL3 6JL","20130401","","","C","","","","","","","","0","","","","",""
"00D","NHS DURHAM DALES, EASINGTON AND SEDGEFIELD CCG","Y54","Q74","SEDGEFIELD COMMUNITY HOSPITAL","SALTERS LANE","SEDGEFIELD","STOCKTON-ON-TEES","CLEVELAND","TS21 3EE","20130401","","","C","","","","","","","","0","","","","",""
"00F","NHS GATESHEAD CCG","Y54","Q49","RIVERSIDE HOUSE","GOLDCREST WAY","NEWBURN RIVERSIDE","NEWCASTLE UPON TYNE","TYNE AND WEAR","NE15 8NY","20130401","20150331","","C","","","","","","","","0","","","","",""
"00G","NHS NEWCASTLE NORTH AND EAST CCG","Y54","Q49","RIVERSIDE HOUSE","GOLDCREST WAY","NEWBURN RIVERSIDE","NEWCASTLE UPON TYNE","TYNE AND WEAR","NE15 8NY","20130401","20150331","","C","","","","","","","","0","","","","",""
"00H","NHS NEWCASTLE WEST CCG","Y54","Q49","RIVERSIDE HOUSE","GOLDCREST WAY","NEWBURN RIVERSIDE","NEWCASTLE UPON TYNE","TYNE AND WEAR","NE15 8NY","20130401","20150331","","C","","","","","","","","0","","","","",""
"00J","NHS NORTH DURHAM CCG","Y54","Q74","RIVERGREEN CENTRE","AYKLEY HEADS","","DURHAM","COUNTY DURHAM","DH1 5TS","20130401","","","C","","","","","","","","0","","","","",""
"00K","NHS HARTLEPOOL AND STOCKTON-ON-TEES CCG","Y54","Q74","BILLINGHAM HEALTH CENTRE","QUEENSWAY","","BILLINGHAM","CLEVELAND","TS23 2LA","20130401","","","C","","","","","","","","0","","","","",""
"00L","NHS NORTHUMBERLAND CCG","Y54","Q74","COUNTY HALL","","","MORPETH","NORTHUMBERLAND","NE61 2EF","20130401","","","C","","","","","","","","0","","","","",""
"00M","NHS SOUTH TEES CCG","Y54","Q74","NORTH ORMESBY HEALTH VILLAGE","11 TRINITY MEWS","NORTH ORMESBY","MIDDLESBROUGH","CLEVELAND","TS3 6AL","20130401","","","C","","","","","","","","0","","","","",""
"00N","NHS SOUTH TYNESIDE CCG","Y54","Q74","MONKTON HALL","MONKTON LANE","MONKTON VILLAGE","JARROW","TYNE AND WEAR","NE32 5NN","20130401","","","C","","","","","","","","0","","","","",""
"00P","NHS SUNDERLAND CCG","Y54","Q74","PEMBERTON HOUSE","COLIMA AVENUE","","SUNDERLAND","TYNE AND WEAR","SR5 3XB","20130401","","","C","","","","","","","","0","","","","",""
"00Q","NHS BLACKBURN WITH DARWEN CCG","Y54","Q73","FUSION HOUSE","EVOLUTION PARK","HASLINGDEN ROAD","BLACKBURN","LANCASHIRE","BB1 2FD","20130401","","","C","","","","","","","","0","","","","",""
"00R","NHS BLACKPOOL CCG","Y54","Q73","THE STADIUM","SEASIDERS WAY","","BLACKPOOL","LANCASHIRE","FY1 6JX","20130401","","","C","","","","","","","","0","","","","",""
"00T","NHS BOLTON CCG","Y54","Q73","ST PETERS HOUSE","SILVERWELL STREET","","BOLTON","LANCASHIRE","BL1 1PP","20130401","","","C","","","","","","","","0","","","","",""
"00V","NHS BURY CCG","Y54","Q73","21 SILVER STREET","","","BURY","LANCASHIRE","BL9 0EN","20130401","","","C","","","","","","","","0","","","","",""
"00W","NHS CENTRAL MANCHESTER CCG","Y54","Q73","PARKWAY ONE","PARKWAY BUSINESS CENTRE","PRINCESS ROAD","MANCHESTER","GREATER MANCHESTER","M14 7LU","20130401","","","C","","","","","","","","0","","","","",""
"00X","NHS CHORLEY AND SOUTH RIBBLE CCG","Y54","Q73","JUBILEE HOUSE","LANCASHIRE ENTERPRISE BUSINESS PARK","","LEYLAND","LANCASHIRE","PR26 6TR","20130401","","","C","","","","","","","","0","","","","",""
"00Y","NHS OLDHAM CCG","Y54","Q73","ELLEN HOUSE","WADDINGTON STREET","","OLDHAM","LANCASHIRE","OL9 6EE","20130401","","","C","","","","","","","","0","","","","",""
"01A","NHS EAST LANCASHIRE CCG","Y54","Q73","WALSHAW HOUSE","REGENT STREET","","NELSON","LANCASHIRE","BB9 8AS","20130401","","","C","","","","","","","","0","","","","",""
"01C","NHS EASTERN CHESHIRE CCG","Y54","Q75","1ST FLOOR","WEST WING","NEW ALDERLERY HOUSE","VICTORIA ROAD MACCLESFIELD","CHESHIRE","SK10 3BL","20130401","","","C","","","","","","","","0","","","","",""
"01D","NHS HEYWOOD, MIDDLETON AND ROCHDALE CCG","Y54","Q73","3RD FLOOR","NUMBER ONE RIVERSIDE","SMITH STREET","ROCHDALE","LANCASHIRE","OL16 1XU","20130401","","","C","","","","","","","","0","","","","",""
"01E","NHS GREATER PRESTON CCG","Y54","Q73","JUBILEE HOUSE","LANCASHIRE ENTERPRISE BUSINESS PARK","CENTURION WAY","LEYLAND","LANCASHIRE","PR26 6TR","20130401","","","C","","","","","","","","0","","","","",""
"01F","NHS HALTON CCG","Y54","Q75","FIRST FLOOR","RUNCORN TOWN HALL","HEATH ROAD","RUNCORN","CHESHIRE","WA7 5TD","20130401","","","C","","","","","","","","0","","","","",""
"01G","NHS SALFORD CCG","Y54","Q73","ST JAMES HOUSE - 7TH FLOOR","PENDLETON WAY","","SALFORD","LANCASHIRE","M6 5FW","20130401","","","C","","","","","","","","0","","","","",""
"01H","NHS CUMBRIA CCG","Y54","Q74","UNIT 4","HACKTHORPE HALL BUSINESS CENTRE","HACKTHORPE","PENRITH","CUMBRIA","CA10 2HX","20130401","","","C","","","","","","","","0","","","","",""
"01J","NHS KNOWSLEY CCG","Y54","Q75","NUTGROVE VILLA","WESTMORLAND ROAD","HUYTON","LIVERPOOL","MERSEYSIDE","L36 6GA","20130401","","","C","","","","","","","","0","","","","",""
"01K","NHS LANCASHIRE NORTH CCG","Y54","Q73","MOOR LANE MILLS","MOOR LANE","","LANCASTER","LANCASHIRE","LA1 1QD","20130401","","","C","","","","","","","","0","","","","",""
"01M","NHS NORTH MANCHESTER CCG","Y54","Q73","2ND FLOOR SILK MILL","HOLYOAK STREET","NEWTON HEATH","MANCHESTER","GREATER MANCHESTER","M40 1HA","20130401","","","C","","","","","","","","0","","","","",""
"01N","NHS SOUTH MANCHESTER CCG","Y54","Q73","PARKWAY THREE","PARKWAY BUSINESS CENTRE","PRINCESS ROAD","MANCHESTER","GREATER MANCHESTER","M14 7LU","20130401","","","C","","","","","","","","0","","","","",""
"01R","NHS SOUTH CHESHIRE CCG","Y54","Q75","BEVAN HOUSE","BARONY COURT","","NANTWICH","CHESHIRE","CW5 5QU","20130401","","","C","","","","","","","","0","","","","",""
"01T","NHS SOUTH SEFTON CCG","Y54","Q75","3RD FLOOR","MERTON HOUSE","STANLEY ROAD","BOOTLE","MERSEYSIDE","L20 3DL","20130401","","","C","","","","","","","","0","","","","",""
"01V","NHS SOUTHPORT AND FORMBY CCG","Y54","Q75","5 CURZON ROAD","","","SOUTHPORT","LANCASHIRE","PR8 6PL","20130401","","","C","","","","","","","","0","","","","",""
"01W","NHS STOCKPORT CCG","Y54","Q73","REGENT HOUSE","HEATON LANE","","STOCKPORT","CHESHIRE","SK4 1BS","20130401","","","C","","","","","","","","0","","","","",""
"01X","NHS ST HELENS CCG","Y54","Q75","ST HELENS CHAMBER OF COMMERCE","SALISBURY STREET","CHALON WAY","ST. HELENS","MERSEYSIDE","WA10 1FY","20130401","","","C","","","","","","","","0","","","","",""
"01Y","NHS TAMESIDE AND GLOSSOP CCG","Y54","Q73","NEW CENTURY HOUSE","PROGRESS WAY","DENTON","MANCHESTER","GREATER MANCHESTER","M34 2GP","20130401","","","C","","","","","","","","0","","","","",""
"02A","NHS TRAFFORD CCG","Y54","Q73","FIRST FLOOR","CROSSGATE HOUSE","CROSS STREET","SALE","CHESHIRE","M33 7FT","20130401","","","C","","","","","","","","0","","","","",""
"02D","NHS VALE ROYAL CCG","Y54","Q75","BEVAN HOUSE","BARONY COURT","","NANTWICH","CHESHIRE","CW5 5QU","20130401","","","C","","","","","","","","0","","","","",""
"02E","NHS WARRINGTON CCG","Y54","Q75","MILLENIUM HOUSE","930-932 BIRCHWOOD BOULEVARD","BIRCHWOOD","WARRINGTON","CHESHIRE","WA3 7QN","20130401","","","C","","","","","","","","0","","","","",""
"02F","NHS WEST CHESHIRE CCG","Y54","Q75","1829 BUILDING","THE COUNTESS OF CHESTER HEALTH PARK","LIVERPOOL ROAD","CHESTER","CHESHIRE","CH2 1HJ","20130401","","","C","","","","","","","","0","","","","",""
"02G","NHS WEST LANCASHIRE CCG","Y54","Q73","WIGAN ROAD","","","ORMSKIRK","LANCASHIRE","L39 2AS","20130401","","","C","","","","","","","","0","","","","",""
"02H","NHS WIGAN BOROUGH CCG","Y54","Q73","LIFE CENTRE","1 COLLEGE AVENUE","","WIGAN","LANCASHIRE","WN1 1NJ","20130401","","","C","","","","","","","","0","","","","",""
"02M","NHS FYLDE & WYRE CCG","Y54","Q73","DERBY ROAD","WESHAM","","PRESTON","LANCASHIRE","PR4 3AL","20130401","","","C","","","","","","","","0","","","","",""
"02N","NHS AIREDALE, WHARFEDALE AND CRAVEN CCG","Y54","Q72","DOUGLAS MILLS","BOWLING OLD LANE","","BRADFORD","WEST YORKSHIRE","BD5 7JR","20130401","","","C","","","","","","","","0","","","","",""
"02P","NHS BARNSLEY CCG","Y54","Q72","HILLDER HOUSE","49-51 GAWBER ROAD","","BARNSLEY","SOUTH YORKSHIRE","S75 2PY","20130401","","","C","","","","","","","","0","","","","",""
"02Q","NHS BASSETLAW CCG","Y54","Q72","RETFORD HOSPITAL","NORTH ROAD","","RETFORD","NOTTINGHAMSHIRE","DN22 7XF","20130401","","","C","","","","","","","","0","","","","",""
"02R","NHS BRADFORD DISTRICTS CCG","Y54","Q72","DOUGLAS MILLS","BOWLING OLD LANE","","BRADFORD","WEST YORKSHIRE","BD5 7JR","20130401","","","C","","","","","","","","0","","","","",""
"02T","NHS CALDERDALE CCG","Y54","Q72","F MILL","DEAN CLOUGH MILLS","","HALIFAX","WEST YORKSHIRE","HX3 5AX","20130401","","","C","","","","","","","","0","","","","",""
"02V","NHS LEEDS NORTH CCG","Y54","Q72","LEAFIELD HOUSE","107-109 KING LANE","","LEEDS","WEST YORKSHIRE","LS17 5BP","20130401","","","C","","","","","","","","0","","","","",""
"02W","NHS BRADFORD CITY CCG","Y54","Q72","DOUGLAS MILLS","BOWLING OLD LANE","","BRADFORD","WEST YORKSHIRE","BD5 7JR","20130401","","","C","","","","","","","","0","","","","",""
"02X","NHS DONCASTER CCG","Y54","Q72","SOVEREIGN HOUSE","TEN POUND WALK","","DONCASTER","SOUTH YORKSHIRE","DN4 5DJ","20130401","","","C","","","","","","","","0","","","","",""
"02Y","NHS EAST RIDING OF YORKSHIRE CCG","Y54","Q72","HEALTH HOUSE","GRANGE PARK LANE","WILLERBY","HULL","NORTH HUMBERSIDE","HU10 6DT","20130401","","","C","","","","","","","","0","","","","",""
"03A","NHS GREATER HUDDERSFIELD CCG","Y54","Q72","BROAD LEA HOUSE","DYSON WOOD WAY","BRADLEY","HUDDERSFIELD","WEST YORKSHIRE","HD2 1GZ","20130401","","","C","","","","","","","","0","","","","",""
"03C","NHS LEEDS WEST CCG","Y54","Q72","UNITS 2-4 WIRA BUSINESS PARK","RING ROAD","WEST PARK","LEEDS","WEST YORKSHIRE","LS16 6EB","20130401","","","C","","","","","","","","0","","","","",""
"03D","NHS HAMBLETON, RICHMONDSHIRE AND WHITBY CCG","Y54","Q72","HAMBLETON DISTRICT COUNCIL","CIVIC CENTRE","STONECROSS","NORTHALLERTON","NORTH YORKSHIRE","DL6 2UU","20130401","","","C","","","","","","","","0","","","","",""
"03E","NHS HARROGATE AND RURAL DISTRICT CCG","Y54","Q72","1 GRIMBALD CRAG COURT","ST JAMES BUSINESS PARK","","KNARESBOROUGH","NORTH YORKSHIRE","HG5 8QB","20130401","","","C","","","","","","","","0","","","","",""
"03F","NHS HULL CCG","Y54","Q72","WILBERFORCE COURT","ALFRED GELDER STREET","","HULL","NORTH HUMBERSIDE","HU1 1UY","20130401","","","C","","","","","","","","0","","","","",""
"03G","NHS LEEDS SOUTH AND EAST CCG","Y54","Q72","3200 CENTURY WAY","THORPE PARK","","LEEDS","WEST YORKSHIRE","LS15 8ZB","20130401","","","C","","","","","","","","0","","","","",""
"03H","NHS NORTH EAST LINCOLNSHIRE CCG","Y54","Q72","ATHENA BUILDING & OLYMPIA HOUSE","SAXON COURT","GILBEY ROAD","GRIMSBY","SOUTH HUMBERSIDE","DN31 2UJ","20130401","","","C","","","","","","","","0","","","","",""
"03J","NHS NORTH KIRKLEES CCG","Y54","Q72","EMPIRE HOUSE","WAKEFIELD ROAD","","DEWSBURY","WEST YORKSHIRE","WF12 8DJ","20130401","","","C","","","","","","","","0","","","","",""
"03K","NHS NORTH LINCOLNSHIRE CCG","Y54","Q72","THE HEALTH PLACE","WRAWBY ROAD","","BRIGG","SOUTH HUMBERSIDE","DN20 8GS","20130401","","","C","","","","","","","","0","","","","",""
"03L","NHS ROTHERHAM CCG","Y54","Q72","OAK HOUSE","MOORHEAD WAY","BRAMLEY","ROTHERHAM","SOUTH YORKSHIRE","S66 1YY","20130401","","","C","","","","","","","","0","","","","",""
"03M","NHS SCARBOROUGH AND RYEDALE CCG","Y54","Q72","SCARBOROUGH TOWN HALL","ST NICHOLAS STREET","","SCARBOROUGH","NORTH YORKSHIRE","YO11 2HG","20130401","","","C","","","","","","","","0","","","","",""
"03N","NHS SHEFFIELD CCG","Y54","Q72","722 PRINCE OF WALES ROAD","DARNALL","","SHEFFIELD","SOUTH YORKSHIRE","S9 4EU","20130401","","","C","","","","","","","","0","","","","",""
"03Q","NHS VALE OF YORK CCG","Y54","Q72","UNIT 5","SOVEREIGN HOUSE","KETTLESTRING LANE","YORK","NORTH YORKSHIRE","YO30 4GQ","20130401","","","C","","","","","","","","0","","","","",""
"03R","NHS WAKEFIELD CCG","Y54","Q72","WHITEROSE HOUSE","WEST PARADE","","WAKEFIELD","WEST YORKSHIRE","WF1 1LT","20130401","","","C","","","","","","","","0","","","","",""
"03T","NHS LINCOLNSHIRE EAST CCG","Y55","Q78","CROSS O CLIFF","BRACEBRIDGE HEATH","","LINCOLN","LINCOLNSHIRE","LN4 2HN","20130401","","","C","","","","","","","","0","","","","",""
"03V","NHS CORBY CCG","Y55","Q78","WILLOWBROOK HEALTH CENTRE","COTTINGHAM ROAD","","CORBY","NORTHAMPTONSHIRE","NN17 2UR","20130401","","","C","","","","","","","","0","","","","",""
"03W","NHS EAST LEICESTERSHIRE AND RUTLAND CCG","Y55","Q78","BRIDGE PARK PLAZA","BRIDGE PARK ROAD","THURMASTON","LEICESTER","LEICESTERSHIRE","LE4 8BL","20130401","","","C","","","","","","","","0","","","","",""
"03X","NHS EREWASH CCG","Y55","Q76","TOLL BAR HOUSE","1 DERBY ROAD","","ILKESTON","DERBYSHIRE","DE7 5FH","20130401","","","C","","","","","","","","0","","","","",""
"03Y","NHS HARDWICK CCG","Y55","Q76","SCARSDALE HOSPITAL","NIGHTINGALE CLOSE","OFF NEWBOLD ROAD","CHESTERFIELD","DERBYSHIRE","S41 7PF","20130401","","","C","","","","","","","","0","","","","",""
"04C","NHS LEICESTER CITY CCG","Y55","Q78","ST. JOHNS HOUSE","30 EAST STREET","","LEICESTER","LEICESTERSHIRE","LE1 6NB","20130401","","","C","","","","","","","","0","","","","",""
"04D","NHS LINCOLNSHIRE WEST CCG","Y55","Q78","CROSS O CLIFF","BRACEBRIDGE HEATH","","LINCOLN","LINCOLNSHIRE","LN4 2HN","20130401","","","C","","","","","","","","0","","","","",""
"04E","NHS MANSFIELD AND ASHFIELD CCG","Y55","Q76","HAWTHORN HOUSE, RANSOM WOOD B PARK","SOUTHWELL ROAD WEST","RAINWORTH","MANSFIELD","NOTTINGHAMSHIRE","NG21 0HJ","20130401","","","C","","","","","","","","0","","","","",""
"04F","NHS MILTON KEYNES CCG","Y55","Q78","SHERWOOD PLACE","155 SHERWOOD DRIVE","BLETCHLEY","MILTON KEYNES","BUCKINGHAMSHIRE","MK3 6RT","20130401","","","C","","","","","","","","0","","","","",""
"04G","NHS NENE CCG","Y55","Q78","FRANCIS CRICK HOUSE","SUMMERHOUSE ROAD","MOULTON PARK INDUSTRIAL ESTATE","NORTHAMPTON","NORTHAMPTONSHIRE","NN3 6BF","20130401","","","C","","","","","","","","0","","","","",""
"04H","NHS NEWARK & SHERWOOD CCG","Y55","Q76","BALDERTON PRIMARY CARE CENTRE","LOWFIELD LANE","BALDERTON","NEWARK","NOTTINGHAMSHIRE","NG24 3HJ","20130401","","","C","","","","","","","","0","","","","",""
"04J","NHS NORTH DERBYSHIRE CCG","Y55","Q76","SCARSDALE HOSPITAL","NIGHTINGALE CLOSE","OFF NEWBOLD ROAD","CHESTERFIELD","DERBYSHIRE","S41 7PF","20130401","","","C","","","","","","","","0","","","","",""
"04K","NHS NOTTINGHAM CITY CCG","Y55","Q76","1 STANDARD COURT","PARK ROW","","NOTTINGHAM","NOTTINGHAMSHIRE","NG1 6GN","20130401","","","C","","","","","","","","0","","","","",""
"04L","NHS NOTTINGHAM NORTH AND EAST CCG","Y55","Q76","GEDLING CIVIC CENTRE","ARNOT HILL PARK","ARNOLD","NOTTINGHAM","NOTTINGHAMSHIRE","NG5 0TE","20130401","","","C","","","","","","","","0","","","","",""
"04M","NHS NOTTINGHAM WEST CCG","Y55","Q76","STAPLEFORD CARE CENTRE","CHURCH STREET","STAPLEFORD","NOTTINGHAM","NOTTINGHAMSHIRE","NG9 8DB","20130401","","","C","","","","","","","","0","","","","",""
"04N","NHS RUSHCLIFFE CCG","Y55","Q76","EASTHORPE HOUSE","165 LOUGHBOROUGH ROAD","RUDDINGTON","NOTTINGHAM","NOTTINGHAMSHIRE","NG11 6LQ","20130401","","","C","","","","","","","","0","","","","",""
"04Q","NHS SOUTH WEST LINCOLNSHIRE CCG","Y55","Q78","CROSS O CLIFF","BRACEBRIDGE HEATH","","LINCOLN","LINCOLNSHIRE","LN4 2HN","20130401","","","C","","","","","","","","0","","","","",""
"04R","NHS SOUTHERN DERBYSHIRE CCG","Y55","Q76","CARDINAL SQUARE","1ST FLOOR, NORTH POINT","10 NOTTINGHAM ROAD","DERBY","DERBYSHIRE","DE1 3QT","20130401","","","C","","","","","","","","0","","","","",""
"04V","NHS WEST LEICESTERSHIRE CCG","Y55","Q78","55 WOODGATE","","","LOUGHBOROUGH","LEICESTERSHIRE","LE11 2TZ","20130401","","","C","","","","","","","","0","","","","",""
"04X","NHS BIRMINGHAM SOUTH AND CENTRAL CCG","Y55","Q77","BARTHOLOMEW HOUSE","142 HAGLEY ROAD","","BIRMINGHAM","WEST MIDLANDS","B16 9PA","20130401","","","C","","","","","","","","0","","","","",""
"04Y","NHS CANNOCK CHASE CCG","Y55","Q76","BLOCK D","BEECROFT COURT","BEECROFT ROAD","CANNOCK","STAFFORDSHIRE","WS11 1JP","20130401","","","C","","","","","","","","0","","","","",""
"05A","NHS COVENTRY AND RUGBY CCG","Y55","Q77","CHRISTCHURCH HOUSE","GREYFRIARS LANE","","COVENTRY","WEST MIDLANDS","CV1 2GQ","20130401","","","C","","","","","","","","0","","","","",""
"05C","NHS DUDLEY CCG","Y55","Q77","BRIERLEY HILL HEALTH & SOCIAL CARE","VENTURE WAY","","BRIERLEY HILL","WEST MIDLANDS","DY5 1RU","20130401","","","C","","","","","","","","0","","","","",""
"05D","NHS EAST STAFFORDSHIRE CCG","Y55","Q76","EDWIN HOUSE","SECOND AVENUE","CENTRUM ONE HUNDRED","BURTON-ON-TRENT","STAFFORDSHIRE","DE14 2WF","20130401","","","C","","","","","","","","0","","","","",""
"05F","NHS HEREFORDSHIRE CCG","Y55","Q77","BROCKINGTON","35 HAFOD ROAD","","HEREFORD","HEREFORDSHIRE","HR1 1SH","20130401","","","C","","","","","","","","0","","","","",""
"05G","NHS NORTH STAFFORDSHIRE CCG","Y55","Q76","MORSTON HOUSE","THE MIDWAY","","NEWCASTLE","STAFFORDSHIRE","ST5 1QG","20130401","","","C","","","","","","","","0","","","","",""
"05H","NHS WARWICKSHIRE NORTH CCG","Y55","Q77","WESTGATE HOUSE","21 MARKET STREET","","WARWICK","WARWICKSHIRE","CV34 4DE","20130401","","","C","","","","","","","","0","","","","",""
"05J","NHS REDDITCH AND BROMSGROVE CCG","Y55","Q77","BARNSLEY COURT","BARNSLEY HALL ROAD","","BROMSGROVE","WORCESTERSHIRE","B61 0TX","20130401","","","C","","","","","","","","0","","","","",""
"05L","NHS SANDWELL AND WEST BIRMINGHAM CCG","Y55","Q77","KINGSTON HOUSE","HIGH STREET","","WEST BROMWICH","WEST MIDLANDS","B70 9LD","20130401","","","C","","","","","","","","0","","","","",""
"05N","NHS SHROPSHIRE CCG","Y55","Q76","WILLIAM FARR HOUSE","MYTTON OAK ROAD","","SHREWSBURY","SHROPSHIRE","SY3 8XL","20130401","","","C","","","","","","","","0","","","","",""
"05P","NHS SOLIHULL CCG","Y55","Q77","FRIARS GATE","1011 STRATFORD ROAD","SHIRLEY","SOLIHULL","WEST MIDLANDS","B90 4BN","20130401","","","C","","","","","","","","0","","","","",""
"05Q","NHS SOUTH EAST STAFFORDSHIRE AND SEISDON PENINSULA CCG","Y55","Q76","MERLIN HOUSE","BITTERSCOTE","ETCHELL ROAD","TAMWORTH","STAFFORDSHIRE","B78 3HF","20130401","","","C","","","","","","","","0","","","","",""
"05R","NHS SOUTH WARWICKSHIRE CCG","Y55","Q77","WESTGATE HOUSE","21 MARKET STREET","","WARWICK","WARWICKSHIRE","CV34 4DE","20130401","","","C","","","","","","","","0","","","","",""
"05T","NHS SOUTH WORCESTERSHIRE CCG","Y55","Q77","GROUND FLOOR, WEST WING","WORCESTERSHIRE COUNTRYSIDE CENTRE","WILDWOOD DRIVE","WORCESTER","WORCESTERSHIRE","WR5 2LG","20130401","","","C","","","","","","","","0","","","","",""
"05V","NHS STAFFORD AND SURROUNDS CCG","Y55","Q76","GREYFRIARS THERAPY CENTRE","UNIT 12, GREYFRIARS BUSINESS PARK","FRANK FOLEY WAY","STAFFORD","STAFFORDSHIRE","ST16 2ST","20130401","","","C","","","","","","","","0","","","","",""
"05W","NHS STOKE ON TRENT CCG","Y55","Q76","HERBERT MINTON BUILDING","79 LONDON ROAD","","STOKE-ON-TRENT","STAFFORDSHIRE","ST4 7PZ","20130401","","","C","","","","","","","","0","","","","",""
"05X","NHS TELFORD AND WREKIN CCG","Y55","Q76","HALESFIELD 6","EPIC PARK","","TELFORD","SHROPSHIRE","TF7 4BF","20130401","","","C","","","","","","","","0","","","","",""
"05Y","NHS WALSALL CCG","Y55","Q77","JUBILEE HOUSE","BLOXWICH LANE","","WALSALL","WEST MIDLANDS","WS2 7JL","20130401","","","C","","","","","","","","0","","","","",""
"06A","NHS WOLVERHAMPTON CCG","Y55","Q77","TECHNOLOGY CENTRE","GLAISHER DRIVE","","WOLVERHAMPTON","WEST MIDLANDS","WV10 9RU","20130401","","","C","","","","","","","","0","","","","",""
"06D","NHS WYRE FOREST CCG","Y55","Q77","BARNSLEY COURT","BARNSLEY HALL ROAD","","BROMSGROVE","WORCESTERSHIRE","B61 0TX","20130401","","","C","","","","","","","","0","","","","",""
"06F","NHS BEDFORDSHIRE CCG","Y55","Q78","CAPABILITY HOUSE","WREST PARK","SILSOE","BEDFORD","BEDFORDSHIRE","MK45 4HR","20130401","","","C","","","","","","","","0","","","","",""
"06H","NHS CAMBRIDGESHIRE AND PETERBOROUGH CCG","Y55","Q79","LOCKTON HOUSE","CLARENDON ROAD","","CAMBRIDGE","CAMBRIDGESHIRE","CB2 8FH","20130401","","","C","","","","","","","","0","","","","",""
"06K","NHS EAST AND NORTH HERTFORDSHIRE CCG","Y55","Q78","CHARTER HOUSE","PARKWAY","","WELWYN GARDEN CITY","HERTFORDSHIRE","AL8 6JL","20130401","","","C","","","","","","","","0","","","","",""
"06L","NHS IPSWICH AND EAST SUFFOLK CCG","Y55","Q79","RUSHBROOK HOUSE","PAPER MILL LANE","BRAMFORD","IPSWICH","SUFFOLK","IP8 4DE","20130401","","","C","","","","","","","","0","","","","",""
"06M","NHS GREAT YARMOUTH AND WAVENEY CCG","Y55","Q79","BECCLES HOUSE","1 COMMON LANE NORTH","","BECCLES","SUFFOLK","NR34 9BN","20130401","","","C","","","","","","","","0","","","","",""
"06N","NHS HERTS VALLEYS CCG","Y55","Q78","HEMEL ONE","BOUNDARY WAY","","HEMEL HEMPSTEAD","HERTFORDSHIRE","HP2 7YU","20130401","","","C","","","","","","","","0","","","","",""
"06P","NHS LUTON CCG","Y55","Q78","THE LODGE","4 GEORGE STREET WEST","","LUTON","BEDFORDSHIRE","LU1 2BJ","20130401","","","C","","","","","","","","0","","","","",""
"06Q","NHS MID ESSEX CCG","Y55","Q79","KESTRAL/SWIFT HOUSE","HEDGEROWS BUSINESS PK,COLCHESTER RD","SPRINGFIELD","CHELMSFORD","ESSEX","CM2 5PF","20130401","","","C","","","","","","","","0","","","","",""
"06T","NHS NORTH EAST ESSEX CCG","Y55","Q79","COLCHESTER PRIMARY CARE CENTRE","TURNER ROAD","","COLCHESTER","ESSEX","CO4 5JR","20130401","","","C","","","","","","","","0","","","","",""
"06V","NHS NORTH NORFOLK CCG","Y55","Q79","1 MILL CLOSE","AYLSHAM","","NORWICH","NORFOLK","NR11 6LZ","20130401","","","C","","","","","","","","0","","","","",""
"06W","NHS NORWICH CCG","Y55","Q79","NORWICH CITY HALL","ST. PETERS STREET","","NORWICH","NORFOLK","NR2 1NH","20130401","","","C","","","","","","","","0","","","","",""
"06Y","NHS SOUTH NORFOLK CCG","Y55","Q79","LAKESIDE","400 OLD CHAPEL WAY","","NORWICH","NORFOLK","NR7 0WG","20130401","","","C","","","","","","","","0","","","","",""
"07G","NHS THURROCK CCG","Y55","Q79","PHOENIX PLACE","CHRISTOPHER MARTIN ROAD","","BASILDON","ESSEX","SS14 3HG","20130401","","","C","","","","","","","","0","","","","",""
"07H","NHS WEST ESSEX CCG","Y55","Q79","BUILDING 4, SPENCER CLOSE","ST MARGARET'S HOSPITAL","THE PLAIN","EPPING","ESSEX","CM16 6TN","20130401","","","C","","","","","","","","0","","","","",""
"07J","NHS WEST NORFOLK CCG","Y55","Q79","KINGS COURT","CHAPEL STREET","","KING'S LYNN","NORFOLK","PE30 1EX","20130401","","","C","","","","","","","","0","","","","",""
"07K","NHS WEST SUFFOLK CCG","Y55","Q79","ACTIVE BUSINESS CENTRE","ST ANDREWS CASTLE","33 ST ANDREWS STREET SOUTH","BURY ST EDMUNDS","SUFFOLK","IP33 3PH","20130401","","","C","","","","","","","","0","","","","",""
"07L","NHS BARKING AND DAGENHAM CCG","Y56","Q71","BARKING HOSPITAL","UPNEY LANE","","BARKING","ESSEX","IG11 9LX","20130401","","","C","","","","","","","","0","","","","",""
"07M","NHS BARNET CCG","Y56","Q71","2ND FLOOR WESTGATE HOUSE","EDGWARE COMMUNITY HOSPITAL","BURNT OAK BROADWAY","EDGWARE","MIDDLESEX","HA8 0AD","20130401","","","C","","","","","","","","0","","","","",""
"07N","NHS BEXLEY CCG","Y56","Q71","221 ERITH ROAD","","","BEXLEYHEATH","KENT","DA7 6HZ","20130401","","","C","","","","","","","","0","","","","",""
"07P","NHS BRENT CCG","Y56","Q71","WEMBLEY CENTRE FOR HEALTH & CARE","CHAPLIN ROAD","","WEMBLEY","MIDDLESEX","HA0 4UZ","20130401","","","C","","","","","","","","0","","","","",""
"07Q","NHS BROMLEY CCG","Y56","Q71","BECKENHAM BEACON","379 CROYDON ROAD","","BECKENHAM","KENT","BR3 3QL","20130401","","","C","","","","","","","","0","","","","",""
"07R","NHS CAMDEN CCG","Y56","Q71","4TH FLOOR","STEPHENSON HOUSE","75 HAMPSTEAD ROAD","LONDON","GREATER LONDON","NW1 2PL","20130401","","","C","","","","","","","","0","","","","",""
"07T","NHS CITY AND HACKNEY CCG","Y56","Q71","SECOND FLOOR","THE LAWSON PRACTICE","85 NUTTALL STREET","LONDON","GREATER LONDON","N1 5HZ","20130401","","","C","","","","","","","","0","","","","",""
"07V","NHS CROYDON CCG","Y56","Q71","LEON HOUSE","233 HIGH STREET","","CROYDON","SURREY","CR0 9XT","20130401","","","C","","","","","","","","0","","","","",""
"07W","NHS EALING CCG","Y56","Q71","PERCEVAL HOUSE","14-16 UXBRIDGE ROAD","","LONDON","GREATER LONDON","W5 2HL","20130401","","","C","","","","","","","","1","","","","",""
"07X","NHS ENFIELD CCG","Y56","Q71","HOLBROOK HOUSE","COCKFOSTERS ROAD","","BARNET","HERTFORDSHIRE","EN4 0DY","20130401","","","C","","","","","","","","0","","","","",""
"07Y","NHS HOUNSLOW CCG","Y56","Q71","SOVEREIGN COURT","15-21 STAINES ROAD","","HOUNSLOW","MIDDLESEX","TW3 3HR","20130401","","","C","","","","","","","","0","","","","",""
"08A","NHS GREENWICH CCG","Y56","Q71","31-37 GREENWICH PARK STREET","","","LONDON","GREATER LONDON","SE10 9LR","20130401","","","C","","","","","","","","0","","","","",""
"08C","NHS HAMMERSMITH AND FULHAM CCG","Y56","Q71","15 MARYLEBONE ROAD","","","LONDON","GREATER LONDON","NW1 5JD","20130401","","","C","","","","","","","","0","","","","",""
"08D","NHS HARINGEY CCG","Y56","Q71","RIVER PARK HOUSE","225 HIGH ROAD","WOOD GREEN","LONDON","GREATER LONDON","N22 8HQ","20130401","","","C","","","","","","","","0","","","","",""
"08E","NHS HARROW CCG","Y56","Q71","4TH FLOOR","THE HEIGHTS","59-65 LOWLANDS ROAD","HARROW","MIDDLESEX","HA1 3AW","20130401","","","C","","","","","","","","0","","","","",""
"08F","NHS HAVERING CCG","Y56","Q71","IMPERIAL OFFICES","2-4 EASTERN ROAD","","ROMFORD","ESSEX","RM1 3PJ","20130401","","","C","","","","","","","","0","","","","",""
"08G","NHS HILLINGDON CCG","Y56","Q71","BOUNDARY HOUSE","CRICKET FIELD ROAD","","UXBRIDGE","MIDDLESEX","UB8 1QG","20130401","","","C","","","","","","","","0","","","","",""
"08H","NHS ISLINGTON CCG","Y56","Q71","GROUND FLOOR","338-346 GOSWELL ROAD","","LONDON","GREATER LONDON","EC1V 7LQ","20130401","","","C","","","","","","","","0","","","","",""
"08J","NHS KINGSTON CCG","Y56","Q71","3RD FLOOR, GUILDHALL 1","HIGH STREET","","KINGSTON UPON THAMES","SURREY","KT1 1EU","20130401","","","C","","","","","","","","0","","","","",""
"08K","NHS LAMBETH CCG","Y56","Q71","1 LOWER MARSH","WATERLOO","","LONDON","GREATER LONDON","SE1 7NT","20130401","","","C","","","","","","","","0","","","","",""
"08L","NHS LEWISHAM CCG","Y56","Q71","CANTILEVER HOUSE","ELTHAM ROAD","LEE","LONDON","GREATER LONDON","SE12 8RN","20130401","","","C","","","","","","","","0","","","","",""
"08M","NHS NEWHAM CCG","Y56","Q71","K WAREHOUSE","2 WESTERN GATEWAY","","LONDON","GREATER LONDON","E16 1DR","20130401","","","C","","","","","","","","0","","","","",""
"08N","NHS REDBRIDGE CCG","Y56","Q71","BECKETT HOUSE","2-14 ILFORD HILL","","ILFORD","ESSEX","IG1 2QX","20130401","","","C","","","","","","","","0","","","","",""
"08P","NHS RICHMOND CCG","Y56","Q71","CIVIC CENTRE","44 YORK STREET","","TWICKENHAM","MIDDLESEX","TW1 3BZ","20130401","","","C","","","","","","","","0","","","","",""
"08Q","NHS SOUTHWARK CCG","Y56","Q71","160 TOOLEY STREET","","","LONDON","GREATER LONDON","SE1 2QH","20130401","","","C","","","","","","","","0","","","","",""
"08R","NHS MERTON CCG","Y56","Q71","120 THE BROADWAY","WIMBLEDON","","LONDON","GREATER LONDON","SW19 1RH","20130401","","","C","","","","","","","","0","","","","",""
"08T","NHS SUTTON CCG","Y56","Q71","PRIORY CRESCENT","CHEAM","","SUTTON","SURREY","SM3 8LR","20130401","","","C","","","","","","","","0","","","","",""
"08V","NHS TOWER HAMLETS CCG","Y56","Q71","2ND FLOOR, ALDERNEY BUILDING","MILE END HOSPITAL","275 BANCROFT ROAD","LONDON","GREATER LONDON","E1 4DG","20130401","","","C","","","","","","","","0","","","","",""
"08W","NHS WALTHAM FOREST CCG","Y56","Q71","KIRKDALE HOUSE","7 KIRKDALE ROAD","","LONDON","GREATER LONDON","E11 1HP","20130401","","","C","","","","","","","","1","","","","",""
"08X","NHS WANDSWORTH CCG","Y56","Q71","1ST FLOOR","73-75 UPPER RICHMOND ROAD","","LONDON","GREATER LONDON","SW15 2SR","20130401","","","C","","","","","","","","1","","","","",""
"08Y","NHS WEST LONDON CCG","Y56","Q71","15 MARYLEBONE ROAD","","","LONDON","GREATER LONDON","NW1 5JD","20130401","","","C","","","","","","","","0","","","","",""
"09A","NHS CENTRAL LONDON (WESTMINSTER) CCG","Y56","Q71","15 MARYLEBONE ROAD","","","LONDON","GREATER LONDON","NW1 5JD","20130401","","","C","","","","","","","","0","","","","",""
"09C","NHS ASHFORD CCG","Y57","Q81","INCA HOUSE","TRINITY ROAD","EUREKA SCIENCE PARK","ASHFORD","KENT","TN25 4AB","20130401","","","C","","","","","","","","0","","","","",""
"09D","NHS BRIGHTON AND HOVE CCG","Y57","Q81","LANCHESTER HOUSE","TRAFALGAR PLACE","","BRIGHTON","EAST SUSSEX","BN1 4FU","20130401","","","C","","","","","","","","0","","","","",""
"09E","NHS CANTERBURY AND COASTAL CCG","Y57","Q81","COUNCIL OFFICES","MILITARY ROAD","","CANTERBURY","KENT","CT1 1YW","20130401","","","C","","","","","","","","0","","","","",""
"09F","NHS EASTBOURNE, HAILSHAM AND SEAFORD CCG","Y57","Q81","36-38 FRIARS WALK","","","LEWES","EAST SUSSEX","BN7 2PB","20130401","","","C","","","","","","","","0","","","","",""
"09G","NHS COASTAL WEST SUSSEX CCG","Y57","Q81","1 THE CAUSEWAY","GORING-BY-SEA","","WORTHING","WEST SUSSEX","BN12 6BT","20130401","","","C","","","","","","","","0","","","","",""
"09H","NHS CRAWLEY CCG","Y57","Q81","3RD FLOOR (RED WING)","CRAWLEY HOSPITAL","WEST GREEN DRIVE","CRAWLEY","WEST SUSSEX","RH11 7DH","20130401","","","C","","","","","","","","0","","","","",""
"09J","NHS DARTFORD, GRAVESHAM AND SWANLEY CCG","Y57","Q81","GRAVESHAM CIVIC CENTRE","WINDMILL STREET","","GRAVESEND","KENT","DA12 1AU","20130401","","","C","","","","","","","","0","","","","",""
"09L","NHS EAST SURREY CCG","Y57","Q81","CEDAR COURT","GUILDFORD ROAD","","LEATHERHEAD","SURREY","KT22 9AE","20130401","","","C","","","","","","","","0","","","","",""
"09N","NHS GUILDFORD AND WAVERLEY CCG","Y57","Q81","28-30 HIGH STREET","","","GUILDFORD","SURREY","GU1 3EL","20130401","","","C","","","","","","","","0","","","","",""
"09P","NHS HASTINGS AND ROTHER CCG","Y57","Q81","BEXHILL HOSPITAL","HOLLIERS HILL","","BEXHILL-ON-SEA","EAST SUSSEX","TN40 2DZ","20130401","","","C","","","","","","","","0","","","","",""
"09W","NHS MEDWAY CCG","Y57","Q81","50 PEMBROKE COURT","CHATHAM MARITIME","","CHATHAM","KENT","ME4 4EL","20130401","","","C","","","","","","","","0","","","","",""
"09X","NHS HORSHAM AND MID SUSSEX CCG","Y57","Q81","3RD FLOOR (RED WING)","CRAWLEY HOSPITAL","WEST GREEN DRIVE","CRAWLEY","WEST SUSSEX","RH11 7DH","20130401","","","C","","","","","","","","0","","","","",""
"09Y","NHS NORTH WEST SURREY CCG","Y57","Q81","WEYBRIDGE COMMUNITY HOSPITAL","CHURCH STREET","","WEYBRIDGE","SURREY","KT13 8DY","20130401","","","C","","","","","","","","0","","","","",""
"10A","NHS SOUTH KENT COAST CCG","Y57","Q81","DOVER DISTRICT COUNCIL","HONEYWOOD CLOSE","WHITFIELD","DOVER","KENT","CT16 3PJ","20130401","","","C","","","","","","","","0","","","","",""
"10C","NHS SURREY HEATH CCG","Y57","Q81","SURREY HEATH HOUSE","KNOLL ROAD","","CAMBERLEY","SURREY","GU15 3HD","20130401","","","C","","","","","","","","0","","","","",""
"10D","NHS SWALE CCG","Y57","Q81","BRAMBLEFIELD CLINIC","GROVEHURST ROAD","KEMSLEY","SITTINGBOURNE","KENT","ME10 2ST","20130401","","","C","","","","","","","","0","","","","",""
"10E","NHS THANET CCG","Y57","Q81","THANET DISTRICT COUNCIL","CECIL STREET","","MARGATE","KENT","CT9 1XZ","20130401","","","C","","","","","","","","0","","","","",""
"10G","NHS BRACKNELL AND ASCOT CCG","Y57","Q82","KING EDWARD VII HOSPITAL","ST. LEONARDS ROAD","","WINDSOR","BERKSHIRE","SL4 3DP","20130401","","","C","","","","","","","","0","","","","",""
"10H","NHS CHILTERN CCG","Y57","Q82","ROOM XR37, 2ND FLOOR","AMERSHAM HOSPITAL","WHIELDEN STREET","AMERSHAM","BUCKINGHAMSHIRE","HP7 0JD","20130401","","","C","","","","","","","","0","","","","",""
"10J","NHS NORTH HAMPSHIRE CCG","Y57","Q70","THE OLD BASING HEALTH CENTRE","MANOR LANE","OLD BASING","BASINGSTOKE","HAMPSHIRE","RG24 7AE","20130401","","","C","","","","","","","","0","","","","",""
"10K","NHS FAREHAM AND GOSPORT CCG","Y57","Q70","COMMCEN BUILDING","FORT SOUTHWICK","JAMES CALLAGHAN DRIVE","FAREHAM","HAMPSHIRE","PO17 6AR","20130401","","","C","","","","","","","","0","","","","",""
"10L","NHS ISLE OF WIGHT CCG","Y57","Q70","SOUTH BLOCK","ST MARY'S HOSPITAL","PARKHURST ROAD","NEWPORT","ISLE OF WIGHT","PO30 5TG","20130401","","","C","","","","","","","","0","","","","",""
"10M","NHS NEWBURY AND DISTRICT CCG","Y57","Q82","ROOKES WAY","","BENHAM HILL","NEWBURY","BERKSHIRE","RG18 3AS","20130401","","","C","","","","","","","","0","","","","",""
"10N","NHS NORTH & WEST READING CCG","Y57","Q82","57-59 BATH ROAD","","","READING","BERKSHIRE","RG30 2BA","20130401","","","C","","","","","","","","0","","","","",""
"10Q","NHS OXFORDSHIRE CCG","Y57","Q82","JUBILEE HOUSE","5510 JOHN SMITH DRIVE","OXFORD BUSINESS PARK SOUTH, COWLEY","OXFORD","OXFORDSHIRE","OX4 2LH","20130401","","","C","","","","","","","","0","","","","",""
"10R","NHS PORTSMOUTH CCG","Y57","Q70","CCG HEADQUARTERS, ST JAMES HOSPITAL","LOCKSWAY ROAD","","SOUTHSEA","HAMPSHIRE","PO4 8LD","20130401","","","C","","","","","","","","0","","","","",""
"10T","NHS SLOUGH CCG","Y57","Q82","UPTON HOSPITAL","ALBERT STREET","","SLOUGH","BERKSHIRE","SL1 2BJ","20130401","","","C","","","","","","","","0","","","","",""
"10V","NHS SOUTH EASTERN HAMPSHIRE CCG","Y57","Q70","COMMCEN BUILDING","FORT SOUTHWICK","JAMES CALLAGHAN DRIVE","FAREHAM","HAMPSHIRE","PO17 6AR","20130401","","","C","","","","","","","","0","","","","",""
"10W","NHS SOUTH READING CCG","Y57","Q82","UNIVERSITY MEDICAL CENTRE","9-11 NORTHCOURT AVENUE","","READING","BERKSHIRE","RG2 7HE","20130401","","","C","","","","","","","","0","","","","",""
"10X","NHS SOUTHAMPTON CCG","Y57","Q70","OAKLEY ROAD","","","SOUTHAMPTON","HAMPSHIRE","SO16 4GX","20130401","","","C","","","","","","","","0","","","","",""
"10Y","NHS AYLESBURY VALE CCG","Y57","Q82","VERNEY HOUSE","GATESHEAD ROAD","","AYLESBURY","BUCKINGHAMSHIRE","HP19 8ET","20130401","","","C","","","","","","","","0","","","","",""
"11A","NHS WEST HAMPSHIRE CCG","Y57","Q70","OMEGA HOUSE","112 SOUTHAMPTON ROAD","","EASTLEIGH","HAMPSHIRE","SO50 5PB","20130401","","","C","","","","","","","","0","","","","",""
"11C","NHS WINDSOR, ASCOT AND MAIDENHEAD CCG","Y57","Q82","KING EDWARD VII HOSPITAL","ST LEONARD ROAD","","WINDSOR","BERKSHIRE","SL4 3DP","20130401","","","C","","","","","","","","0","","","","",""
"11D","NHS WOKINGHAM CCG","Y57","Q82","CHALFONT SURGERY","CHALFONT CLOSE","EARLEY","READING","BERKSHIRE","RG6 5HZ","20130401","","","C","","","","","","","","0","","","","",""
"11E","NHS BATH AND NORTH EAST SOMERSET CCG","Y57","Q82","ST MARTINS HOSPITAL","CLARA CROSS LANE","","BATH","AVON","BA2 5RP","20130401","","","C","","","","","","","","0","","","","",""
"11H","NHS BRISTOL CCG","Y57","Q80","SOUTH PLAZA","MARLBOROUGH STREET","","BRISTOL","AVON","BS1 3NX","20130401","","","C","","","","","","","","0","","","","",""
"11J","NHS DORSET CCG","Y57","Q70","VESPASIAN HOUSE","BRIDPORT ROAD","","DORCHESTER","DORSET","DT1 1TG","20130401","","","C","","","","","","","","0","","","","",""
"11M","NHS GLOUCESTERSHIRE CCG","Y57","Q82","SANGER HOUSE","5220 VALIANT COURT","GLOUCESTER BUSINESS PARK, BROCKWORT","GLOUCESTER","GLOUCESTERSHIRE","GL3 4FE","20130401","","","C","","","","","","","","0","","","","",""
"11N","NHS KERNOW CCG","Y57","Q80","SEDGEMOOR CENTRE","PRIORY ROAD","","ST. AUSTELL","CORNWALL","PL25 5AS","20130401","","","C","","","","","","","","0","","","","",""
"11T","NHS NORTH SOMERSET CCG","Y57","Q80","CASTLEWOOD","TICKENHAM ROAD","","CLEVEDON","AVON","BS21 6FW","20130401","","","C","","","","","","","","0","","","","",""
"11X","NHS SOMERSET CCG","Y57","Q80","WYNFORD HOUSE","LUFTON WAY","LUFTON","YEOVIL","SOMERSET","BA22 8HR","20130401","","","C","","","","","","","","0","","","","",""
"12A","NHS SOUTH GLOUCESTERSHIRE CCG","Y57","Q80","8 BROOK OFFICE PARK","FOLLY BROOK ROAD","EMERSONS GREEN","BRISTOL","AVON","BS16 7FL","20130401","","","C","","","","","","","","0","","","","",""
"12D","NHS SWINDON CCG","Y57","Q82","FLOOR 3","DAVID MURRAY JOHN BUILDING","BRUNEL CENTRE","SWINDON","WILTSHIRE","SN1 1LH","20130401","","","C","","","","","","","","0","","","","",""
"12F","NHS WIRRAL CCG","Y54","Q75","OLD MARKET HOUSE","13 HAMILTON STREET","","BIRKENHEAD","MERSEYSIDE","CH41 5AL","20130401","","","C","","","","","","","","0","","","","",""
"12G","CHESHIRE, WARRINGTON AND WIRRAL COMMISSIONING HUB","Y54","Q44","C/O NHS COMMISSIONING BOARD","1W09, 1ST FLOOR, QUARRY HOUSE","QUARRY HILL","LEEDS","WEST YORKSHIRE","LS2 7UE","20130401","20150331","","H","","","","","","","","0","","","","",""
"12H","DURHAM, DARLINGTON AND TEES COMMISSIONING HUB","Y54","Q45","C/O NHS COMMISSIONING BOARD","1W09, 1ST FLOOR, QUARRY HOUSE","QUARRY HILL","LEEDS","WEST YORKSHIRE","LS2 7UE","20130401","20150331","","H","","","","","","","","0","","","","",""
"12J","GREATER MANCHESTER COMMISSIONING HUB","Y54","Q46","C/O NHS COMMISSIONING BOARD","1W09, 1ST FLOOR, QUARRY HOUSE","QUARRY HILL","LEEDS","WEST YORKSHIRE","LS2 7UE","20130401","20150331","","H","","","","","","","","0","","","","",""
"12K","LANCASHIRE COMMISSIONING HUB","Y54","Q47","C/O NHS COMMISSIONING BOARD","1W09, 1ST FLOOR, QUARRY HOUSE","QUARRY HILL","LEEDS","WEST YORKSHIRE","LS2 7UE","20130401","20150331","","H","","","","","","","","0","","","","",""
"12L","MERSEYSIDE COMMISSIONING HUB","Y54","Q48","C/O NHS COMMISSIONING BOARD","1W09, 1ST FLOOR, QUARRY HOUSE","QUARRY HILL","LEEDS","WEST YORKSHIRE","LS2 7UE","20130401","20150331","","H","","","","","","","","0","","","","",""
"12M","CUMBRIA, NORTHUMBERLAND, TYNE AND WEAR COMMISSIONING HUB","Y54","Q49","C/O NHS COMMISSIONING BOARD","1W09, 1ST FLOOR, QUARRY HOUSE","QUARRY HILL","LEEDS","WEST YORKSHIRE","LS2 7UE","20130401","20150331","","H","","","","","","","","0","","","","",""
"12N","NORTH YORKSHIRE AND HUMBER COMMISSIONING HUB","Y54","Q50","C/O NHS COMMISSIONING BOARD","1W09, 1ST FLOOR, QUARRY HOUSE","QUARRY HILL","LEEDS","WEST YORKSHIRE","LS2 7UE","20130401","20150331","","H","","","","","","","","0","","","","",""
"12P","SOUTH YORKSHIRE AND BASSETLAW COMMISSIONING HUB","Y54","Q51","C/O NHS COMMISSIONING BOARD","1W09, 1ST FLOOR, QUARRY HOUSE","QUARRY HILL","LEEDS","WEST YORKSHIRE","LS2 7UE","20130401","20150331","","H","","","","","","","","0","","","","",""
"12Q","WEST YORKSHIRE COMMISSIONING HUB","Y54","Q52","C/O NHS COMMISSIONING BOARD","1W09, 1ST FLOOR, QUARRY HOUSE","QUARRY HILL","LEEDS","WEST YORKSHIRE","LS2 7UE","20130401","20150331","","H","","","","","","","","0","","","","",""
"12R","ARDEN, HEREFORDSHIRE AND WORCESTERSHIRE COMMISSIONING HUB","Y55","Q53","C/O NHS COMMISSIONING BOARD","1W09, 1ST FLOOR, QUARRY HOUSE","QUARRY HILL","LEEDS","WEST YORKSHIRE","LS2 7UE","20130401","20150331","","H","","","","","","","","0","","","","",""
"12T","BIRMINGHAM AND THE BLACK COUNTRY COMMISSIONING HUB","Y55","Q54","C/O NHS COMMISSIONING BOARD","1W09, 1ST FLOOR, QUARRY HOUSE","QUARRY HILL","LEEDS","WEST YORKSHIRE","LS2 7UE","20130401","20150331","","H","","","","","","","","0","","","","",""
"12V","DERBYSHIRE AND NOTTINGHAMSHIRE COMMISSIONING HUB","Y55","Q55","C/O NHS COMMISSIONING BOARD","1W09, 1ST FLOOR, QUARRY HOUSE","QUARRY HILL","LEEDS","WEST YORKSHIRE","LS2 7UE","20130401","20150331","","H","","","","","","","","0","","","","",""
"12W","EAST ANGLIA COMMISSIONING HUB","Y55","Q56","C/O NHS COMMISSIONING BOARD","1W09, 1ST FLOOR, QUARRY HOUSE","QUARRY HILL","LEEDS","WEST YORKSHIRE","LS2 7UE","20130401","20150331","","H","","","","","","","","0","","","","",""
"12X","ESSEX COMMISSIONING HUB","Y55","Q57","C/O NHS COMMISSIONING BOARD","1W09, 1ST FLOOR, QUARRY HOUSE","QUARRY HILL","LEEDS","WEST YORKSHIRE","LS2 7UE","20130401","20150331","","H","","","","","","","","0","","","","",""
"12Y","HERTFORDSHIRE AND THE SOUTH MIDLANDS COMMISSIONING HUB","Y55","Q58","C/O NHS COMMISSIONING BOARD","1W09, 1ST FLOOR, QUARRY HOUSE","QUARRY HILL","LEEDS","WEST YORKSHIRE","LS2 7UE","20130401","20150331","","H","","","","","","","","0","","","","",""
"13A","LEICESTERSHIRE AND LINCOLNSHIRE COMMISSIONING HUB","Y55","Q59","C/O NHS COMMISSIONING BOARD","1W09, 1ST FLOOR, QUARRY HOUSE","QUARRY HILL","LEEDS","WEST YORKSHIRE","LS2 7UE","20130401","20150331","","H","","","","","","","","0","","","","",""
"13C","SHROPSHIRE AND STAFFORDSHIRE COMMISSIONING HUB","Y55","Q60","C/O NHS COMMISSIONING BOARD","1W09, 1ST FLOOR, QUARRY HOUSE","QUARRY HILL","LEEDS","WEST YORKSHIRE","LS2 7UE","20130401","20150331","","H","","","","","","","","0","","","","",""
"13G","BATH, GLOUCESTERSHIRE, SWINDON AND WILTSHIRE COMMISSIONING HUB","Y57","Q64","C/O NHS COMMISSIONING BOARD","1W09, 1ST FLOOR, QUARRY HOUSE","QUARRY HILL","LEEDS","WEST YORKSHIRE","LS2 7UE","20130401","20150331","","H","","","","","","","","0","","","","",""
"13H","BRISTOL, NORTH SOMERSET, SOMERSET AND SOUTH GLOUCESTERSHIRE COMMISSIONING HUB","Y57","Q65","C/O NHS COMMISSIONING BOARD","1W09, 1ST FLOOR, QUARRY HOUSE","QUARRY HILL","LEEDS","WEST YORKSHIRE","LS2 7UE","20130401","20150331","","H","","","","","","","","0","","","","",""
"13J","DEVON, CORNWALL AND ISLES OF SCILLY COMMISSIONING HUB","Y57","Q66","C/O NHS COMMISSIONING BOARD","1W09, 1ST FLOOR, QUARRY HOUSE","QUARRY HILL","LEEDS","WEST YORKSHIRE","LS2 7UE","20130401","20150331","","H","","","","","","","","0","","","","",""
"13K","KENT AND MEDWAY COMMISSIONING HUB","Y57","Q67","C/O NHS COMMISSIONING BOARD","1W09, 1ST FLOOR, QUARRY HOUSE","QUARRY HILL","LEEDS","WEST YORKSHIRE","LS2 7UE","20130401","20150331","","H","","","","","","","","0","","","","",""
"13L","SURREY AND SUSSEX COMMISSIONING HUB","Y57","Q68","C/O NHS COMMISSIONING BOARD","1W09, 1ST FLOOR, QUARRY HOUSE","QUARRY HILL","LEEDS","WEST YORKSHIRE","LS2 7UE","20130401","20150331","","H","","","","","","","","0","","","","",""
"13M","THAMES VALLEY COMMISSIONING HUB","Y57","Q69","C/O NHS COMMISSIONING BOARD","1W09, 1ST FLOOR, QUARRY HOUSE","QUARRY HILL","LEEDS","WEST YORKSHIRE","LS2 7UE","20130401","20150331","","H","","","","","","","","0","","","","",""
"13N","WESSEX COMMISSIONING HUB","Y57","Q70","C/O NHS COMMISSIONING BOARD","1W09, 1ST FLOOR, QUARRY HOUSE","QUARRY HILL","LEEDS","WEST YORKSHIRE","LS2 7UE","20130401","","","H","","","","","","","","1","","","","",""
"13P","NHS BIRMINGHAM CROSSCITY CCG","Y55","Q77","BARTHOLOMEW HOUSE","142 HAGLEY ROAD","","BIRMINGHAM","WEST MIDLANDS","B16 9PA","20130401","","","C","","","","","","","","0","","","","",""
"13Q","NATIONAL COMMISSIONING HUB 1","Y54","Q72","C/O NHS COMMISSIONING BOARD","QUARRY HOUSE","QUARRY HILL","LEEDS","WEST YORKSHIRE","LS2 7UE","20130401","","","H","","","","","","","","0","","","","",""
"13R","LONDON COMMISSIONING HUB","Y56","Q71","C/O NHS COMMISIONING BOARD","QUARRY HOUSE","QUARRY HILL","LEEDS","WEST YORKSHIRE","LS2 7UE","20130401","","","H","","","","","","","","0","","","","",""
"13T","NHS NEWCASTLE GATESHEAD CCG","Y54","Q74","RIVERSIDE HOUSE","GOLDCREST WAY","","NEWCASTLE UPON TYNE","TYNE AND WEAR","NE15 8NY","20141126","","","C","","","","","","","","1","","","","",""
"13V","YORKSHIRE AND HUMBER COMMISSIONING HUB","Y54","Q72","C/O NHS ENGLAND, 1W09, 1ST FLOOR","QUARRY HOUSE","QUARRY HILL","LEEDS","WEST YORKSHIRE","LS2 7UE","20150401","","","H","","","","","","","","0","","","","",""
"13W","LANCASHIRE AND GREATER MANCHESTER COMMISSIONING HUB","Y54","Q73","NHS ENGLAND, 1W09, 1ST FLOOR","QUARRY HOUSE","QUARRY HILL","LEEDS","WEST YORKSHIRE","LS2 7UE","20150401","","","H","","","","","","","","0","","","","",""
"13X","CUMBRIA AND NORTH EAST COMMISSIONING HUB","Y54","Q74","C/O NHS ENGLAND, 1W09, 1ST FLOOR","QUARRY HOUSE","QUARRY HILL","LEEDS","WEST YORKSHIRE","LS2 7UE","20150401","","","H","","","","","","","","0","","","","",""
"13Y","CHESHIRE AND MERSEYSIDE COMMISSIONING HUB","Y54","Q75","C/O NHS ENGLAND, 1W09, 1ST FLOOR","QUARRY HOUSE","QUARRY HILL","LEEDS","WEST YORKSHIRE","LS2 7UE","20150401","","","H","","","","","","","","0","","","","",""
"14A","NORTH MIDLANDS COMMISSIONING HUB","Y55","Q76","C/O NHS ENGLAND, 1W09, 1ST FLOOR","QUARRY HOUSE","QUARRY HILL","LEEDS","WEST YORKSHIRE","LS2 7UE","20150401","","","H","","","","","","","","0","","","","",""
"14C","WEST MIDLANDS COMMISSIONING HUB","Y55","Q77","C/O NHS ENGLAND, 1W09, 1ST FLOOR","QUARRY HOUSE","QUARRY HILL","LEEDS","WEST YORKSHIRE","LS2 7UE","20150401","","","H","","","","","","","","0","","","","",""
"14D","CENTRAL MIDLANDS COMMISSIONING HUB","Y55","Q78","C/O NHS ENGLAND, 1W09, 1ST FLOOR","QUARRY HOUSE","QUARRY HILL","LEEDS","WEST YORKSHIRE","LS2 7UE","20150401","","","H","","","","","","","","0","","","","",""
"14E","EAST COMMISSIONING HUB","Y55","Q79","C/O NHS ENGLAND, 1W09, 1ST FLOOR","QUARRY HOUSE","QUARRY HILL","LEEDS","WEST YORKSHIRE","LS2 7UE","20150401","","","H","","","","","","","","0","","","","",""
"14F","SOUTH WEST COMMISSIONING HUB","Y57","Q80","C/O NHS ENGLAND, 1W09, 1ST FLOOR","QUARRY HOUSE","QUARRY HILL","LEEDS","WEST YORKSHIRE","LS2 7UE","20150401","","","H","","","","","","","","0","","","","",""
"14G","SOUTH EAST COMMISSIONING HUB","Y57","Q81","C/O NHS ENGLAND, 1W09, 1ST FLOOR","QUARRY HOUSE","QUARRY HILL","LEEDS","WEST YORKSHIRE","LS2 7UE","20150401","","","H","","","","","","","","0","","","","",""
"14H","SOUTH CENTRAL COMMISSIONING HUB","Y57","Q82","C/O NHS ENGLAND, 1W09, 1ST FLOOR","QUARRY HOUSE","QUARRY HILL","LEEDS","WEST YORKSHIRE","LS2 7UE","20150401","","","H","","","","","","","","0","","","","",""
"99A","NHS LIVERPOOL CCG","Y54","Q75","1 ARTHOUSE SQUARE","61-69 SEEL STREET","","LIVERPOOL","MERSEYSIDE","L1 4AZ","20130401","","","C","","","","","","","","0","","","","",""
"99C","NHS NORTH TYNESIDE CCG","Y54","Q74","12 HEDLEY COURT","ORION BUSINESS PARK","","NORTH SHIELDS","TYNE AND WEAR","NE29 7ST","20130401","","","C","","","","","","","","0","","","","",""
"99D","NHS SOUTH LINCOLNSHIRE CCG","Y55","Q78","CROSS O CLIFF","BRACEBRIDGE HEATH","","LINCOLN","LINCOLNSHIRE","LN4 2HN","20130401","","","C","","","","","","","","0","","","","",""
"99E","NHS BASILDON AND BRENTWOOD CCG","Y55","Q79","PHOENIX HOUSE","CHRISTOPHER MARTIN ROAD","","BASILDON","ESSEX","SS14 3HG","20130401","","","C","","","","","","","","0","","","","",""
"99F","NHS CASTLE POINT AND ROCHFORD CCG","Y55","Q79","PHOENIX HOUSE","CHRISTOPHER MARTIN ROAD","","BASILDON","ESSEX","SS14 3HG","20130401","","","C","","","","","","","","0","","","","",""
"99G","NHS SOUTHEND CCG","Y55","Q79","SUFFOLK HOUSE","102-104 BAXTER AVENUE","","SOUTHEND-ON-SEA","ESSEX","SS2 6HZ","20130401","","","C","","","","","","","","0","","","","",""
"99H","NHS SURREY DOWNS CCG","Y57","Q81","PASCAL PLACE","RANDALS WAY","","LEATHERHEAD","SURREY","KT22 7TW","20130401","","","C","","","","","","","","0","","","","",""
"99J","NHS WEST KENT CCG","Y57","Q81","WHARF HOUSE","MEDWAY WHARF ROAD","","TONBRIDGE","KENT","TN9 1RE","20130401","","","C","","","","","","","","0","","","","",""
"99K","NHS HIGH WEALD LEWES HAVENS CCG","Y57","Q81","36-38 FRIARS WALK","","","LEWES","EAST SUSSEX","BN7 2PB","20130401","","","C","","","","","","","","0","","","","",""
"99M","NHS NORTH EAST HAMPSHIRE AND FARNHAM CCG","Y57","Q70","ALDERSHOT CENTRE FOR HEALTH","HOSPITAL HILL","","ALDERSHOT","HAMPSHIRE","GU11 1AY","20130401","","","C","","","","","","","","0","","","","",""
"99N","NHS WILTSHIRE CCG","Y57","Q82","SOUTHGATE HOUSE","PANS LANE","","DEVIZES","WILTSHIRE","SN10 5EQ","20130401","","","C","","","","","","","","0","","","","",""
"99P","NHS NORTHERN, EASTERN AND WESTERN DEVON CCG","Y57","Q80","NEWCOURT HOUSE","OLD RYDON LANE","","EXETER","DEVON","EX2 7JU","20130401","","","C","","","","","","","","0","","","","",""
"99Q","NHS SOUTH DEVON AND TORBAY CCG","Y57","Q80","POMONA HOUSE","OAK VIEW CLOSE","","TORQUAY","DEVON","TQ2 7FF","20130401","","","C","","","","","","","","0","","","","",""
